[    4031ms] [ERROR] Failed to load resource: the server responded with a status of 404 (Not Found) @ http://localhost:3002/manifest.json:0
[    4036ms] [ERROR] Manifest fetch from http://localhost:3002/manifest.json failed, code 404 @ http://localhost:3002/zh:0
[    7519ms] [ERROR] Failed to load resource: the server responded with a status of 404 (Not Found) @ http://localhost:3002/manifest.json:0
[    7527ms] [ERROR] Manifest fetch from http://localhost:3002/manifest.json failed, code 404 @ http://localhost:3002/zh:0
[    7527ms] [WARNING] <meta name="apple-mobile-web-app-capable" content="yes"> is deprecated. Please include <meta name="mobile-web-app-capable" content="yes"> @ http://localhost:3002/zh:0
[    7892ms] [ERROR] Failed to load resource: the server responded with a status of 404 (Not Found) @ http://localhost:3002/manifest.json:0
[    7897ms] [ERROR] Manifest fetch from http://localhost:3002/manifest.json failed, code 404 @ http://localhost:3002/zh:0
[    7897ms] [WARNING] <meta name="apple-mobile-web-app-capable" content="yes"> is deprecated. Please include <meta name="mobile-web-app-capable" content="yes"> @ http://localhost:3002/zh:0
[    8129ms] [ERROR] Failed to load resource: the server responded with a status of 404 (Not Found) @ http://localhost:3002/manifest.json:0
[    8134ms] [ERROR] Manifest fetch from http://localhost:3002/manifest.json failed, code 404 @ http://localhost:3002/zh:0
[    8134ms] [WARNING] <meta name="apple-mobile-web-app-capable" content="yes"> is deprecated. Please include <meta name="mobile-web-app-capable" content="yes"> @ http://localhost:3002/zh:0
[    8311ms] [ERROR] Failed to load resource: the server responded with a status of 404 (Not Found) @ http://localhost:3002/manifest.json:0
[    8315ms] [ERROR] Manifest fetch from http://localhost:3002/manifest.json failed, code 404 @ http://localhost:3002/zh:0
[    8315ms] [WARNING] <meta name="apple-mobile-web-app-capable" content="yes"> is deprecated. Please include <meta name="mobile-web-app-capable" content="yes"> @ http://localhost:3002/zh:0
[    8501ms] [ERROR] Failed to load resource: the server responded with a status of 404 (Not Found) @ http://localhost:3002/manifest.json:0
[    8506ms] [ERROR] Manifest fetch from http://localhost:3002/manifest.json failed, code 404 @ http://localhost:3002/zh:0
[    8506ms] [WARNING] <meta name="apple-mobile-web-app-capable" content="yes"> is deprecated. Please include <meta name="mobile-web-app-capable" content="yes"> @ http://localhost:3002/zh:0
[    8700ms] [ERROR] Failed to load resource: the server responded with a status of 404 (Not Found) @ http://localhost:3002/manifest.json:0
[    8704ms] [ERROR] Manifest fetch from http://localhost:3002/manifest.json failed, code 404 @ http://localhost:3002/zh:0
[    8704ms] [WARNING] <meta name="apple-mobile-web-app-capable" content="yes"> is deprecated. Please include <meta name="mobile-web-app-capable" content="yes"> @ http://localhost:3002/zh:0
[    8884ms] [ERROR] Failed to load resource: the server responded with a status of 404 (Not Found) @ http://localhost:3002/manifest.json:0
[    8888ms] [ERROR] Manifest fetch from http://localhost:3002/manifest.json failed, code 404 @ http://localhost:3002/zh:0
[    8888ms] [WARNING] <meta name="apple-mobile-web-app-capable" content="yes"> is deprecated. Please include <meta name="mobile-web-app-capable" content="yes"> @ http://localhost:3002/zh:0
[    9060ms] [ERROR] Failed to load resource: the server responded with a status of 404 (Not Found) @ http://localhost:3002/manifest.json:0
[    9065ms] [ERROR] Manifest fetch from http://localhost:3002/manifest.json failed, code 404 @ http://localhost:3002/zh:0
[    9066ms] [WARNING] <meta name="apple-mobile-web-app-capable" content="yes"> is deprecated. Please include <meta name="mobile-web-app-capable" content="yes"> @ http://localhost:3002/zh:0
[    9248ms] [ERROR] Failed to load resource: the server responded with a status of 404 (Not Found) @ http://localhost:3002/manifest.json:0
[    9254ms] [ERROR] Manifest fetch from http://localhost:3002/manifest.json failed, code 404 @ http://localhost:3002/zh:0
[    9254ms] [WARNING] <meta name="apple-mobile-web-app-capable" content="yes"> is deprecated. Please include <meta name="mobile-web-app-capable" content="yes"> @ http://localhost:3002/zh:0
[    9442ms] [ERROR] Failed to load resource: the server responded with a status of 404 (Not Found) @ http://localhost:3002/manifest.json:0
[    9446ms] [ERROR] Manifest fetch from http://localhost:3002/manifest.json failed, code 404 @ http://localhost:3002/zh:0
[    9446ms] [WARNING] <meta name="apple-mobile-web-app-capable" content="yes"> is deprecated. Please include <meta name="mobile-web-app-capable" content="yes"> @ http://localhost:3002/zh:0
[    9649ms] [ERROR] Failed to load resource: the server responded with a status of 404 (Not Found) @ http://localhost:3002/manifest.json:0
[    9654ms] [ERROR] Manifest fetch from http://localhost:3002/manifest.json failed, code 404 @ http://localhost:3002/zh:0
[    9654ms] [WARNING] <meta name="apple-mobile-web-app-capable" content="yes"> is deprecated. Please include <meta name="mobile-web-app-capable" content="yes"> @ http://localhost:3002/zh:0
[    9838ms] [ERROR] Failed to load resource: the server responded with a status of 404 (Not Found) @ http://localhost:3002/manifest.json:0
[    9846ms] [ERROR] Manifest fetch from http://localhost:3002/manifest.json failed, code 404 @ http://localhost:3002/zh:0
[    9847ms] [WARNING] <meta name="apple-mobile-web-app-capable" content="yes"> is deprecated. Please include <meta name="mobile-web-app-capable" content="yes"> @ http://localhost:3002/zh:0
[   10042ms] [ERROR] Failed to load resource: the server responded with a status of 404 (Not Found) @ http://localhost:3002/manifest.json:0
[   10047ms] [ERROR] Manifest fetch from http://localhost:3002/manifest.json failed, code 404 @ http://localhost:3002/zh:0
[   10051ms] [WARNING] <meta name="apple-mobile-web-app-capable" content="yes"> is deprecated. Please include <meta name="mobile-web-app-capable" content="yes"> @ http://localhost:3002/zh:0
[   10267ms] [ERROR] Failed to load resource: the server responded with a status of 404 (Not Found) @ http://localhost:3002/manifest.json:0
[   10271ms] [ERROR] Manifest fetch from http://localhost:3002/manifest.json failed, code 404 @ http://localhost:3002/zh:0
[   10272ms] [WARNING] <meta name="apple-mobile-web-app-capable" content="yes"> is deprecated. Please include <meta name="mobile-web-app-capable" content="yes"> @ http://localhost:3002/zh:0
[   10459ms] [ERROR] Failed to load resource: the server responded with a status of 404 (Not Found) @ http://localhost:3002/manifest.json:0
[   10464ms] [ERROR] Manifest fetch from http://localhost:3002/manifest.json failed, code 404 @ http://localhost:3002/zh:0
[   10464ms] [WARNING] <meta name="apple-mobile-web-app-capable" content="yes"> is deprecated. Please include <meta name="mobile-web-app-capable" content="yes"> @ http://localhost:3002/zh:0
[   10674ms] [ERROR] Failed to load resource: the server responded with a status of 404 (Not Found) @ http://localhost:3002/manifest.json:0
[   10679ms] [ERROR] Manifest fetch from http://localhost:3002/manifest.json failed, code 404 @ http://localhost:3002/zh:0
[   10679ms] [WARNING] <meta name="apple-mobile-web-app-capable" content="yes"> is deprecated. Please include <meta name="mobile-web-app-capable" content="yes"> @ http://localhost:3002/zh:0
[   10887ms] [ERROR] Failed to load resource: the server responded with a status of 404 (Not Found) @ http://localhost:3002/manifest.json:0
[   10892ms] [ERROR] Manifest fetch from http://localhost:3002/manifest.json failed, code 404 @ http://localhost:3002/zh:0
[   10892ms] [WARNING] <meta name="apple-mobile-web-app-capable" content="yes"> is deprecated. Please include <meta name="mobile-web-app-capable" content="yes"> @ http://localhost:3002/zh:0
[   11161ms] [ERROR] Failed to load resource: the server responded with a status of 404 (Not Found) @ http://localhost:3002/manifest.json:0
[   11165ms] [ERROR] Manifest fetch from http://localhost:3002/manifest.json failed, code 404 @ http://localhost:3002/zh:0
[   11165ms] [WARNING] <meta name="apple-mobile-web-app-capable" content="yes"> is deprecated. Please include <meta name="mobile-web-app-capable" content="yes"> @ http://localhost:3002/zh:0
[   11442ms] [ERROR] Failed to load resource: the server responded with a status of 404 (Not Found) @ http://localhost:3002/manifest.json:0
[   11449ms] [ERROR] Manifest fetch from http://localhost:3002/manifest.json failed, code 404 @ http://localhost:3002/zh:0
[   11449ms] [WARNING] <meta name="apple-mobile-web-app-capable" content="yes"> is deprecated. Please include <meta name="mobile-web-app-capable" content="yes"> @ http://localhost:3002/zh:0
[   11731ms] [ERROR] Failed to load resource: the server responded with a status of 404 (Not Found) @ http://localhost:3002/manifest.json:0
[   11735ms] [ERROR] Manifest fetch from http://localhost:3002/manifest.json failed, code 404 @ http://localhost:3002/zh:0
[   11735ms] [WARNING] <meta name="apple-mobile-web-app-capable" content="yes"> is deprecated. Please include <meta name="mobile-web-app-capable" content="yes"> @ http://localhost:3002/zh:0
[   11894ms] [ERROR] Failed to load resource: the server responded with a status of 404 (Not Found) @ http://localhost:3002/manifest.json:0
[   11899ms] [ERROR] Manifest fetch from http://localhost:3002/manifest.json failed, code 404 @ http://localhost:3002/zh:0
[   11899ms] [WARNING] <meta name="apple-mobile-web-app-capable" content="yes"> is deprecated. Please include <meta name="mobile-web-app-capable" content="yes"> @ http://localhost:3002/zh:0
[   12061ms] [ERROR] Failed to load resource: the server responded with a status of 404 (Not Found) @ http://localhost:3002/manifest.json:0
[   12065ms] [ERROR] Manifest fetch from http://localhost:3002/manifest.json failed, code 404 @ http://localhost:3002/zh:0
[   12065ms] [WARNING] <meta name="apple-mobile-web-app-capable" content="yes"> is deprecated. Please include <meta name="mobile-web-app-capable" content="yes"> @ http://localhost:3002/zh:0
[   12267ms] [ERROR] Failed to load resource: the server responded with a status of 404 (Not Found) @ http://localhost:3002/manifest.json:0
[   12271ms] [ERROR] Manifest fetch from http://localhost:3002/manifest.json failed, code 404 @ http://localhost:3002/zh:0
[   12271ms] [WARNING] <meta name="apple-mobile-web-app-capable" content="yes"> is deprecated. Please include <meta name="mobile-web-app-capable" content="yes"> @ http://localhost:3002/zh:0
[   12430ms] [ERROR] Failed to load resource: the server responded with a status of 404 (Not Found) @ http://localhost:3002/manifest.json:0
[   12436ms] [ERROR] Manifest fetch from http://localhost:3002/manifest.json failed, code 404 @ http://localhost:3002/zh:0
[   12436ms] [WARNING] <meta name="apple-mobile-web-app-capable" content="yes"> is deprecated. Please include <meta name="mobile-web-app-capable" content="yes"> @ http://localhost:3002/zh:0
[   12606ms] [ERROR] Failed to load resource: the server responded with a status of 404 (Not Found) @ http://localhost:3002/manifest.json:0
[   12611ms] [ERROR] Manifest fetch from http://localhost:3002/manifest.json failed, code 404 @ http://localhost:3002/zh:0
[   12611ms] [WARNING] <meta name="apple-mobile-web-app-capable" content="yes"> is deprecated. Please include <meta name="mobile-web-app-capable" content="yes"> @ http://localhost:3002/zh:0
[   12768ms] [ERROR] Failed to load resource: the server responded with a status of 404 (Not Found) @ http://localhost:3002/manifest.json:0
[   12772ms] [ERROR] Manifest fetch from http://localhost:3002/manifest.json failed, code 404 @ http://localhost:3002/zh:0
[   12773ms] [WARNING] <meta name="apple-mobile-web-app-capable" content="yes"> is deprecated. Please include <meta name="mobile-web-app-capable" content="yes"> @ http://localhost:3002/zh:0
[   12936ms] [ERROR] Failed to load resource: the server responded with a status of 404 (Not Found) @ http://localhost:3002/manifest.json:0
[   12940ms] [ERROR] Manifest fetch from http://localhost:3002/manifest.json failed, code 404 @ http://localhost:3002/zh:0
[   12940ms] [WARNING] <meta name="apple-mobile-web-app-capable" content="yes"> is deprecated. Please include <meta name="mobile-web-app-capable" content="yes"> @ http://localhost:3002/zh:0
[   13095ms] [ERROR] Failed to load resource: the server responded with a status of 404 (Not Found) @ http://localhost:3002/manifest.json:0
[   13111ms] [ERROR] Manifest fetch from http://localhost:3002/manifest.json failed, code 404 @ http://localhost:3002/zh:0
[   13111ms] [WARNING] <meta name="apple-mobile-web-app-capable" content="yes"> is deprecated. Please include <meta name="mobile-web-app-capable" content="yes"> @ http://localhost:3002/zh:0
[   13257ms] [ERROR] Failed to load resource: the server responded with a status of 404 (Not Found) @ http://localhost:3002/manifest.json:0
[   13261ms] [ERROR] Manifest fetch from http://localhost:3002/manifest.json failed, code 404 @ http://localhost:3002/zh:0
[   13261ms] [WARNING] <meta name="apple-mobile-web-app-capable" content="yes"> is deprecated. Please include <meta name="mobile-web-app-capable" content="yes"> @ http://localhost:3002/zh:0
[   13411ms] [ERROR] Failed to load resource: the server responded with a status of 404 (Not Found) @ http://localhost:3002/manifest.json:0
[   13415ms] [ERROR] Manifest fetch from http://localhost:3002/manifest.json failed, code 404 @ http://localhost:3002/zh:0
[   13415ms] [WARNING] <meta name="apple-mobile-web-app-capable" content="yes"> is deprecated. Please include <meta name="mobile-web-app-capable" content="yes"> @ http://localhost:3002/zh:0
[   13590ms] [ERROR] Failed to load resource: the server responded with a status of 404 (Not Found) @ http://localhost:3002/manifest.json:0
[   13593ms] [ERROR] Manifest fetch from http://localhost:3002/manifest.json failed, code 404 @ http://localhost:3002/zh:0
[   13594ms] [WARNING] <meta name="apple-mobile-web-app-capable" content="yes"> is deprecated. Please include <meta name="mobile-web-app-capable" content="yes"> @ http://localhost:3002/zh:0
[   13754ms] [ERROR] Failed to load resource: the server responded with a status of 404 (Not Found) @ http://localhost:3002/manifest.json:0
[   13758ms] [ERROR] Manifest fetch from http://localhost:3002/manifest.json failed, code 404 @ http://localhost:3002/zh:0
[   13759ms] [WARNING] <meta name="apple-mobile-web-app-capable" content="yes"> is deprecated. Please include <meta name="mobile-web-app-capable" content="yes"> @ http://localhost:3002/zh:0
[   14047ms] [ERROR] Failed to load resource: the server responded with a status of 404 (Not Found) @ http://localhost:3002/manifest.json:0
[   14053ms] [ERROR] Manifest fetch from http://localhost:3002/manifest.json failed, code 404 @ http://localhost:3002/zh:0
[   14053ms] [WARNING] <meta name="apple-mobile-web-app-capable" content="yes"> is deprecated. Please include <meta name="mobile-web-app-capable" content="yes"> @ http://localhost:3002/zh:0
[   14519ms] [ERROR] Failed to load resource: the server responded with a status of 404 (Not Found) @ http://localhost:3002/manifest.json:0
[   14527ms] [ERROR] Manifest fetch from http://localhost:3002/manifest.json failed, code 404 @ http://localhost:3002/zh:0
[   14528ms] [WARNING] <meta name="apple-mobile-web-app-capable" content="yes"> is deprecated. Please include <meta name="mobile-web-app-capable" content="yes"> @ http://localhost:3002/zh:0
[   14741ms] [ERROR] Failed to load resource: the server responded with a status of 404 (Not Found) @ http://localhost:3002/manifest.json:0
[   14749ms] [ERROR] Manifest fetch from http://localhost:3002/manifest.json failed, code 404 @ http://localhost:3002/zh:0
[   14749ms] [WARNING] <meta name="apple-mobile-web-app-capable" content="yes"> is deprecated. Please include <meta name="mobile-web-app-capable" content="yes"> @ http://localhost:3002/zh:0
[   15033ms] [ERROR] Failed to load resource: the server responded with a status of 404 (Not Found) @ http://localhost:3002/manifest.json:0
[   15039ms] [ERROR] Manifest fetch from http://localhost:3002/manifest.json failed, code 404 @ http://localhost:3002/zh:0
[   15039ms] [WARNING] <meta name="apple-mobile-web-app-capable" content="yes"> is deprecated. Please include <meta name="mobile-web-app-capable" content="yes"> @ http://localhost:3002/zh:0
[   15477ms] [ERROR] Failed to load resource: the server responded with a status of 404 (Not Found) @ http://localhost:3002/manifest.json:0
[   15483ms] [ERROR] Manifest fetch from http://localhost:3002/manifest.json failed, code 404 @ http://localhost:3002/zh:0
[   15483ms] [WARNING] <meta name="apple-mobile-web-app-capable" content="yes"> is deprecated. Please include <meta name="mobile-web-app-capable" content="yes"> @ http://localhost:3002/zh:0
[   15761ms] [ERROR] Failed to load resource: the server responded with a status of 404 (Not Found) @ http://localhost:3002/manifest.json:0
[   15765ms] [ERROR] Manifest fetch from http://localhost:3002/manifest.json failed, code 404 @ http://localhost:3002/zh:0
[   15766ms] [WARNING] <meta name="apple-mobile-web-app-capable" content="yes"> is deprecated. Please include <meta name="mobile-web-app-capable" content="yes"> @ http://localhost:3002/zh:0
[   15929ms] [ERROR] Failed to load resource: the server responded with a status of 404 (Not Found) @ http://localhost:3002/manifest.json:0
[   15933ms] [ERROR] Manifest fetch from http://localhost:3002/manifest.json failed, code 404 @ http://localhost:3002/zh:0
[   15934ms] [WARNING] <meta name="apple-mobile-web-app-capable" content="yes"> is deprecated. Please include <meta name="mobile-web-app-capable" content="yes"> @ http://localhost:3002/zh:0
[   16128ms] [ERROR] Failed to load resource: the server responded with a status of 404 (Not Found) @ http://localhost:3002/manifest.json:0
[   16135ms] [ERROR] Manifest fetch from http://localhost:3002/manifest.json failed, code 404 @ http://localhost:3002/zh:0
[   16136ms] [WARNING] <meta name="apple-mobile-web-app-capable" content="yes"> is deprecated. Please include <meta name="mobile-web-app-capable" content="yes"> @ http://localhost:3002/zh:0
[   16407ms] [ERROR] Failed to load resource: the server responded with a status of 404 (Not Found) @ http://localhost:3002/manifest.json:0
[   16435ms] [ERROR] Manifest fetch from http://localhost:3002/manifest.json failed, code 404 @ http://localhost:3002/zh:0
[   16436ms] [WARNING] <meta name="apple-mobile-web-app-capable" content="yes"> is deprecated. Please include <meta name="mobile-web-app-capable" content="yes"> @ http://localhost:3002/zh:0
[   16793ms] [ERROR] Failed to load resource: the server responded with a status of 404 (Not Found) @ http://localhost:3002/manifest.json:0
[   16798ms] [ERROR] Manifest fetch from http://localhost:3002/manifest.json failed, code 404 @ http://localhost:3002/zh:0
[   16798ms] [WARNING] <meta name="apple-mobile-web-app-capable" content="yes"> is deprecated. Please include <meta name="mobile-web-app-capable" content="yes"> @ http://localhost:3002/zh:0
[   16989ms] [ERROR] Failed to load resource: the server responded with a status of 404 (Not Found) @ http://localhost:3002/manifest.json:0
[   16995ms] [ERROR] Manifest fetch from http://localhost:3002/manifest.json failed, code 404 @ http://localhost:3002/zh:0
[   16995ms] [WARNING] <meta name="apple-mobile-web-app-capable" content="yes"> is deprecated. Please include <meta name="mobile-web-app-capable" content="yes"> @ http://localhost:3002/zh:0
[   17179ms] [ERROR] Failed to load resource: the server responded with a status of 404 (Not Found) @ http://localhost:3002/manifest.json:0
[   17185ms] [ERROR] Manifest fetch from http://localhost:3002/manifest.json failed, code 404 @ http://localhost:3002/zh:0
[   17186ms] [WARNING] <meta name="apple-mobile-web-app-capable" content="yes"> is deprecated. Please include <meta name="mobile-web-app-capable" content="yes"> @ http://localhost:3002/zh:0
[   17446ms] [ERROR] Failed to load resource: the server responded with a status of 404 (Not Found) @ http://localhost:3002/manifest.json:0
[   17451ms] [ERROR] Manifest fetch from http://localhost:3002/manifest.json failed, code 404 @ http://localhost:3002/zh:0
[   17451ms] [WARNING] <meta name="apple-mobile-web-app-capable" content="yes"> is deprecated. Please include <meta name="mobile-web-app-capable" content="yes"> @ http://localhost:3002/zh:0
[   17621ms] [WARNING] <meta name="apple-mobile-web-app-capable" content="yes"> is deprecated. Please include <meta name="mobile-web-app-capable" content="yes"> @ http://localhost:3002/zh:0
[   17643ms] [ERROR] Failed to load resource: the server responded with a status of 404 (Not Found) @ http://localhost:3002/manifest.json:0
[   17647ms] [ERROR] Manifest fetch from http://localhost:3002/manifest.json failed, code 404 @ http://localhost:3002/zh:0
[   17777ms] [WARNING] <meta name="apple-mobile-web-app-capable" content="yes"> is deprecated. Please include <meta name="mobile-web-app-capable" content="yes"> @ http://localhost:3002/zh:0
[   17793ms] [ERROR] Failed to load resource: the server responded with a status of 404 (Not Found) @ http://localhost:3002/manifest.json:0
[   17799ms] [ERROR] Manifest fetch from http://localhost:3002/manifest.json failed, code 404 @ http://localhost:3002/zh:0
[   17954ms] [WARNING] <meta name="apple-mobile-web-app-capable" content="yes"> is deprecated. Please include <meta name="mobile-web-app-capable" content="yes"> @ http://localhost:3002/zh:0
[   17968ms] [ERROR] Failed to load resource: the server responded with a status of 404 (Not Found) @ http://localhost:3002/manifest.json:0
[   17973ms] [ERROR] Manifest fetch from http://localhost:3002/manifest.json failed, code 404 @ http://localhost:3002/zh:0
[   18112ms] [WARNING] <meta name="apple-mobile-web-app-capable" content="yes"> is deprecated. Please include <meta name="mobile-web-app-capable" content="yes"> @ http://localhost:3002/zh:0
[   18130ms] [ERROR] Failed to load resource: the server responded with a status of 404 (Not Found) @ http://localhost:3002/manifest.json:0
[   18135ms] [ERROR] Manifest fetch from http://localhost:3002/manifest.json failed, code 404 @ http://localhost:3002/zh:0
[   18264ms] [WARNING] <meta name="apple-mobile-web-app-capable" content="yes"> is deprecated. Please include <meta name="mobile-web-app-capable" content="yes"> @ http://localhost:3002/zh:0
[   18280ms] [ERROR] Failed to load resource: the server responded with a status of 404 (Not Found) @ http://localhost:3002/manifest.json:0
[   18285ms] [ERROR] Manifest fetch from http://localhost:3002/manifest.json failed, code 404 @ http://localhost:3002/zh:0
[   18439ms] [WARNING] <meta name="apple-mobile-web-app-capable" content="yes"> is deprecated. Please include <meta name="mobile-web-app-capable" content="yes"> @ http://localhost:3002/zh:0
[   18457ms] [ERROR] Failed to load resource: the server responded with a status of 404 (Not Found) @ http://localhost:3002/manifest.json:0
[   18460ms] [ERROR] Manifest fetch from http://localhost:3002/manifest.json failed, code 404 @ http://localhost:3002/zh:0
[   18614ms] [WARNING] <meta name="apple-mobile-web-app-capable" content="yes"> is deprecated. Please include <meta name="mobile-web-app-capable" content="yes"> @ http://localhost:3002/zh:0
[   18630ms] [ERROR] Failed to load resource: the server responded with a status of 404 (Not Found) @ http://localhost:3002/manifest.json:0
[   18637ms] [ERROR] Manifest fetch from http://localhost:3002/manifest.json failed, code 404 @ http://localhost:3002/zh:0
[   18779ms] [WARNING] <meta name="apple-mobile-web-app-capable" content="yes"> is deprecated. Please include <meta name="mobile-web-app-capable" content="yes"> @ http://localhost:3002/zh:0
[   18798ms] [ERROR] Failed to load resource: the server responded with a status of 404 (Not Found) @ http://localhost:3002/manifest.json:0
[   18803ms] [ERROR] Manifest fetch from http://localhost:3002/manifest.json failed, code 404 @ http://localhost:3002/zh:0
[   18937ms] [WARNING] <meta name="apple-mobile-web-app-capable" content="yes"> is deprecated. Please include <meta name="mobile-web-app-capable" content="yes"> @ http://localhost:3002/zh:0
[   18956ms] [ERROR] Failed to load resource: the server responded with a status of 404 (Not Found) @ http://localhost:3002/manifest.json:0
[   18960ms] [ERROR] Manifest fetch from http://localhost:3002/manifest.json failed, code 404 @ http://localhost:3002/zh:0
[   19104ms] [WARNING] <meta name="apple-mobile-web-app-capable" content="yes"> is deprecated. Please include <meta name="mobile-web-app-capable" content="yes"> @ http://localhost:3002/zh:0
[   19123ms] [ERROR] Failed to load resource: the server responded with a status of 404 (Not Found) @ http://localhost:3002/manifest.json:0
[   19127ms] [ERROR] Manifest fetch from http://localhost:3002/manifest.json failed, code 404 @ http://localhost:3002/zh:0
[   19264ms] [WARNING] <meta name="apple-mobile-web-app-capable" content="yes"> is deprecated. Please include <meta name="mobile-web-app-capable" content="yes"> @ http://localhost:3002/zh:0
[   19279ms] [ERROR] Failed to load resource: the server responded with a status of 404 (Not Found) @ http://localhost:3002/manifest.json:0
[   19285ms] [ERROR] Manifest fetch from http://localhost:3002/manifest.json failed, code 404 @ http://localhost:3002/zh:0
[   19446ms] [WARNING] <meta name="apple-mobile-web-app-capable" content="yes"> is deprecated. Please include <meta name="mobile-web-app-capable" content="yes"> @ http://localhost:3002/zh:0
[   19472ms] [ERROR] Failed to load resource: the server responded with a status of 404 (Not Found) @ http://localhost:3002/manifest.json:0
[   19478ms] [ERROR] Manifest fetch from http://localhost:3002/manifest.json failed, code 404 @ http://localhost:3002/zh:0
[   19634ms] [WARNING] <meta name="apple-mobile-web-app-capable" content="yes"> is deprecated. Please include <meta name="mobile-web-app-capable" content="yes"> @ http://localhost:3002/zh:0
[   19649ms] [ERROR] Failed to load resource: the server responded with a status of 404 (Not Found) @ http://localhost:3002/manifest.json:0
[   19654ms] [ERROR] Manifest fetch from http://localhost:3002/manifest.json failed, code 404 @ http://localhost:3002/zh:0
[   19803ms] [WARNING] <meta name="apple-mobile-web-app-capable" content="yes"> is deprecated. Please include <meta name="mobile-web-app-capable" content="yes"> @ http://localhost:3002/zh:0
[   19818ms] [ERROR] Failed to load resource: the server responded with a status of 404 (Not Found) @ http://localhost:3002/manifest.json:0
[   19823ms] [ERROR] Manifest fetch from http://localhost:3002/manifest.json failed, code 404 @ http://localhost:3002/zh:0
[   19978ms] [WARNING] <meta name="apple-mobile-web-app-capable" content="yes"> is deprecated. Please include <meta name="mobile-web-app-capable" content="yes"> @ http://localhost:3002/zh:0
[   19995ms] [ERROR] Failed to load resource: the server responded with a status of 404 (Not Found) @ http://localhost:3002/manifest.json:0
[   20002ms] [ERROR] Manifest fetch from http://localhost:3002/manifest.json failed, code 404 @ http://localhost:3002/zh:0
[   20139ms] [WARNING] <meta name="apple-mobile-web-app-capable" content="yes"> is deprecated. Please include <meta name="mobile-web-app-capable" content="yes"> @ http://localhost:3002/zh:0
[   20159ms] [ERROR] Failed to load resource: the server responded with a status of 404 (Not Found) @ http://localhost:3002/manifest.json:0
[   20164ms] [ERROR] Manifest fetch from http://localhost:3002/manifest.json failed, code 404 @ http://localhost:3002/zh:0
[   20345ms] [WARNING] <meta name="apple-mobile-web-app-capable" content="yes"> is deprecated. Please include <meta name="mobile-web-app-capable" content="yes"> @ http://localhost:3002/zh:0
[   20364ms] [ERROR] Failed to load resource: the server responded with a status of 404 (Not Found) @ http://localhost:3002/manifest.json:0
[   20370ms] [ERROR] Manifest fetch from http://localhost:3002/manifest.json failed, code 404 @ http://localhost:3002/zh:0
[   20513ms] [WARNING] <meta name="apple-mobile-web-app-capable" content="yes"> is deprecated. Please include <meta name="mobile-web-app-capable" content="yes"> @ http://localhost:3002/zh:0
[   20541ms] [ERROR] Failed to load resource: the server responded with a status of 404 (Not Found) @ http://localhost:3002/manifest.json:0
[   20545ms] [ERROR] Manifest fetch from http://localhost:3002/manifest.json failed, code 404 @ http://localhost:3002/zh:0
[   20700ms] [WARNING] <meta name="apple-mobile-web-app-capable" content="yes"> is deprecated. Please include <meta name="mobile-web-app-capable" content="yes"> @ http://localhost:3002/zh:0
[   20726ms] [ERROR] Failed to load resource: the server responded with a status of 404 (Not Found) @ http://localhost:3002/manifest.json:0
[   20734ms] [ERROR] Manifest fetch from http://localhost:3002/manifest.json failed, code 404 @ http://localhost:3002/zh:0
[   20888ms] [WARNING] <meta name="apple-mobile-web-app-capable" content="yes"> is deprecated. Please include <meta name="mobile-web-app-capable" content="yes"> @ http://localhost:3002/zh:0
[   20907ms] [ERROR] Failed to load resource: the server responded with a status of 404 (Not Found) @ http://localhost:3002/manifest.json:0
[   20911ms] [ERROR] Manifest fetch from http://localhost:3002/manifest.json failed, code 404 @ http://localhost:3002/zh:0
[   21104ms] [WARNING] <meta name="apple-mobile-web-app-capable" content="yes"> is deprecated. Please include <meta name="mobile-web-app-capable" content="yes"> @ http://localhost:3002/zh:0
[   21125ms] [ERROR] Failed to load resource: the server responded with a status of 404 (Not Found) @ http://localhost:3002/manifest.json:0
[   21131ms] [ERROR] Manifest fetch from http://localhost:3002/manifest.json failed, code 404 @ http://localhost:3002/zh:0
[   21333ms] [WARNING] <meta name="apple-mobile-web-app-capable" content="yes"> is deprecated. Please include <meta name="mobile-web-app-capable" content="yes"> @ http://localhost:3002/zh:0
[   21470ms] [ERROR] Failed to load resource: the server responded with a status of 404 (Not Found) @ http://localhost:3002/manifest.json:0
[   21544ms] [ERROR] Manifest fetch from http://localhost:3002/manifest.json failed, code 404 @ http://localhost:3002/zh:0
[   21642ms] [WARNING] <meta name="apple-mobile-web-app-capable" content="yes"> is deprecated. Please include <meta name="mobile-web-app-capable" content="yes"> @ http://localhost:3002/zh:0
[   21686ms] [ERROR] Failed to load resource: the server responded with a status of 404 (Not Found) @ http://localhost:3002/manifest.json:0
[   21690ms] [ERROR] Manifest fetch from http://localhost:3002/manifest.json failed, code 404 @ http://localhost:3002/zh:0
[   22668ms] [ERROR] Failed to load resource: the server responded with a status of 500 (Internal Server Error) @ http://localhost:3002/zh?_rsc=18lr3:0
[   23067ms] [ERROR] Failed to load resource: the server responded with a status of 404 (Not Found) @ http://localhost:3002/manifest.json:0
[   23074ms] [ERROR] Manifest fetch from http://localhost:3002/manifest.json failed, code 404 @ http://localhost:3002/zh:0
[   23408ms] [ERROR] Failed to load resource: the server responded with a status of 404 (Not Found) @ http://localhost:3002/manifest.json:0
[   23429ms] [ERROR] Manifest fetch from http://localhost:3002/manifest.json failed, code 404 @ http://localhost:3002/zh:0
[   23434ms] [WARNING] <meta name="apple-mobile-web-app-capable" content="yes"> is deprecated. Please include <meta name="mobile-web-app-capable" content="yes"> @ http://localhost:3002/zh:0
[   23614ms] [ERROR] Failed to load resource: the server responded with a status of 404 (Not Found) @ http://localhost:3002/manifest.json:0
[   23620ms] [ERROR] Manifest fetch from http://localhost:3002/manifest.json failed, code 404 @ http://localhost:3002/zh:0
[   23620ms] [WARNING] <meta name="apple-mobile-web-app-capable" content="yes"> is deprecated. Please include <meta name="mobile-web-app-capable" content="yes"> @ http://localhost:3002/zh:0
[   23808ms] [ERROR] Failed to load resource: the server responded with a status of 404 (Not Found) @ http://localhost:3002/manifest.json:0
[   23813ms] [ERROR] Manifest fetch from http://localhost:3002/manifest.json failed, code 404 @ http://localhost:3002/zh:0
[   23813ms] [WARNING] <meta name="apple-mobile-web-app-capable" content="yes"> is deprecated. Please include <meta name="mobile-web-app-capable" content="yes"> @ http://localhost:3002/zh:0
[   24026ms] [ERROR] Failed to load resource: the server responded with a status of 404 (Not Found) @ http://localhost:3002/manifest.json:0
[   24033ms] [ERROR] Manifest fetch from http://localhost:3002/manifest.json failed, code 404 @ http://localhost:3002/zh:0
[   24033ms] [WARNING] <meta name="apple-mobile-web-app-capable" content="yes"> is deprecated. Please include <meta name="mobile-web-app-capable" content="yes"> @ http://localhost:3002/zh:0
[   24225ms] [ERROR] Failed to load resource: the server responded with a status of 404 (Not Found) @ http://localhost:3002/manifest.json:0
[   24228ms] [ERROR] Manifest fetch from http://localhost:3002/manifest.json failed, code 404 @ http://localhost:3002/zh:0
[   24229ms] [WARNING] <meta name="apple-mobile-web-app-capable" content="yes"> is deprecated. Please include <meta name="mobile-web-app-capable" content="yes"> @ http://localhost:3002/zh:0
[   24448ms] [ERROR] Failed to load resource: the server responded with a status of 404 (Not Found) @ http://localhost:3002/manifest.json:0
[   24459ms] [ERROR] Manifest fetch from http://localhost:3002/manifest.json failed, code 404 @ http://localhost:3002/zh:0
[   24459ms] [WARNING] <meta name="apple-mobile-web-app-capable" content="yes"> is deprecated. Please include <meta name="mobile-web-app-capable" content="yes"> @ http://localhost:3002/zh:0
[   24734ms] [ERROR] Failed to load resource: the server responded with a status of 404 (Not Found) @ http://localhost:3002/manifest.json:0
[   24739ms] [ERROR] Manifest fetch from http://localhost:3002/manifest.json failed, code 404 @ http://localhost:3002/zh:0
[   24739ms] [WARNING] <meta name="apple-mobile-web-app-capable" content="yes"> is deprecated. Please include <meta name="mobile-web-app-capable" content="yes"> @ http://localhost:3002/zh:0
[   25005ms] [ERROR] Failed to load resource: the server responded with a status of 404 (Not Found) @ http://localhost:3002/manifest.json:0
[   25012ms] [ERROR] Manifest fetch from http://localhost:3002/manifest.json failed, code 404 @ http://localhost:3002/zh:0
[   25013ms] [WARNING] <meta name="apple-mobile-web-app-capable" content="yes"> is deprecated. Please include <meta name="mobile-web-app-capable" content="yes"> @ http://localhost:3002/zh:0
[   25201ms] [ERROR] Failed to load resource: the server responded with a status of 404 (Not Found) @ http://localhost:3002/manifest.json:0
[   25205ms] [ERROR] Manifest fetch from http://localhost:3002/manifest.json failed, code 404 @ http://localhost:3002/zh:0
[   25205ms] [WARNING] <meta name="apple-mobile-web-app-capable" content="yes"> is deprecated. Please include <meta name="mobile-web-app-capable" content="yes"> @ http://localhost:3002/zh:0
[   25423ms] [ERROR] Failed to load resource: the server responded with a status of 404 (Not Found) @ http://localhost:3002/manifest.json:0
[   25428ms] [ERROR] Manifest fetch from http://localhost:3002/manifest.json failed, code 404 @ http://localhost:3002/zh:0
[   25428ms] [WARNING] <meta name="apple-mobile-web-app-capable" content="yes"> is deprecated. Please include <meta name="mobile-web-app-capable" content="yes"> @ http://localhost:3002/zh:0
[   25651ms] [ERROR] Failed to load resource: the server responded with a status of 404 (Not Found) @ http://localhost:3002/manifest.json:0
[   25658ms] [ERROR] Manifest fetch from http://localhost:3002/manifest.json failed, code 404 @ http://localhost:3002/zh:0
[   25659ms] [WARNING] <meta name="apple-mobile-web-app-capable" content="yes"> is deprecated. Please include <meta name="mobile-web-app-capable" content="yes"> @ http://localhost:3002/zh:0
[   25872ms] [ERROR] Failed to load resource: the server responded with a status of 404 (Not Found) @ http://localhost:3002/manifest.json:0
[   25880ms] [ERROR] Manifest fetch from http://localhost:3002/manifest.json failed, code 404 @ http://localhost:3002/zh:0
[   25880ms] [WARNING] <meta name="apple-mobile-web-app-capable" content="yes"> is deprecated. Please include <meta name="mobile-web-app-capable" content="yes"> @ http://localhost:3002/zh:0
[   26066ms] [ERROR] Failed to load resource: the server responded with a status of 404 (Not Found) @ http://localhost:3002/manifest.json:0
[   26071ms] [ERROR] Manifest fetch from http://localhost:3002/manifest.json failed, code 404 @ http://localhost:3002/zh:0
[   26071ms] [WARNING] <meta name="apple-mobile-web-app-capable" content="yes"> is deprecated. Please include <meta name="mobile-web-app-capable" content="yes"> @ http://localhost:3002/zh:0
[   26235ms] [ERROR] Failed to load resource: the server responded with a status of 404 (Not Found) @ http://localhost:3002/manifest.json:0
[   26239ms] [ERROR] Manifest fetch from http://localhost:3002/manifest.json failed, code 404 @ http://localhost:3002/zh:0
[   26239ms] [WARNING] <meta name="apple-mobile-web-app-capable" content="yes"> is deprecated. Please include <meta name="mobile-web-app-capable" content="yes"> @ http://localhost:3002/zh:0
[   26508ms] [ERROR] Failed to load resource: the server responded with a status of 404 (Not Found) @ http://localhost:3002/manifest.json:0
[   26512ms] [ERROR] Manifest fetch from http://localhost:3002/manifest.json failed, code 404 @ http://localhost:3002/zh:0
[   26512ms] [WARNING] <meta name="apple-mobile-web-app-capable" content="yes"> is deprecated. Please include <meta name="mobile-web-app-capable" content="yes"> @ http://localhost:3002/zh:0
[   26672ms] [ERROR] Failed to load resource: the server responded with a status of 404 (Not Found) @ http://localhost:3002/manifest.json:0
[   26676ms] [ERROR] Manifest fetch from http://localhost:3002/manifest.json failed, code 404 @ http://localhost:3002/zh:0
[   26676ms] [WARNING] <meta name="apple-mobile-web-app-capable" content="yes"> is deprecated. Please include <meta name="mobile-web-app-capable" content="yes"> @ http://localhost:3002/zh:0
[   26848ms] [ERROR] Failed to load resource: the server responded with a status of 404 (Not Found) @ http://localhost:3002/manifest.json:0
[   26852ms] [ERROR] Manifest fetch from http://localhost:3002/manifest.json failed, code 404 @ http://localhost:3002/zh:0
[   26852ms] [WARNING] <meta name="apple-mobile-web-app-capable" content="yes"> is deprecated. Please include <meta name="mobile-web-app-capable" content="yes"> @ http://localhost:3002/zh:0
[   27023ms] [ERROR] Failed to load resource: the server responded with a status of 404 (Not Found) @ http://localhost:3002/manifest.json:0
[   27027ms] [ERROR] Manifest fetch from http://localhost:3002/manifest.json failed, code 404 @ http://localhost:3002/zh:0
[   27027ms] [WARNING] <meta name="apple-mobile-web-app-capable" content="yes"> is deprecated. Please include <meta name="mobile-web-app-capable" content="yes"> @ http://localhost:3002/zh:0
[   27190ms] [ERROR] Failed to load resource: the server responded with a status of 404 (Not Found) @ http://localhost:3002/manifest.json:0
[   27195ms] [ERROR] Manifest fetch from http://localhost:3002/manifest.json failed, code 404 @ http://localhost:3002/zh:0
[   27196ms] [WARNING] <meta name="apple-mobile-web-app-capable" content="yes"> is deprecated. Please include <meta name="mobile-web-app-capable" content="yes"> @ http://localhost:3002/zh:0
[   27354ms] [ERROR] Failed to load resource: the server responded with a status of 404 (Not Found) @ http://localhost:3002/manifest.json:0
[   27358ms] [ERROR] Manifest fetch from http://localhost:3002/manifest.json failed, code 404 @ http://localhost:3002/zh:0
[   27358ms] [WARNING] <meta name="apple-mobile-web-app-capable" content="yes"> is deprecated. Please include <meta name="mobile-web-app-capable" content="yes"> @ http://localhost:3002/zh:0
[   27519ms] [ERROR] Failed to load resource: the server responded with a status of 404 (Not Found) @ http://localhost:3002/manifest.json:0
[   27523ms] [ERROR] Manifest fetch from http://localhost:3002/manifest.json failed, code 404 @ http://localhost:3002/zh:0
[   27523ms] [WARNING] <meta name="apple-mobile-web-app-capable" content="yes"> is deprecated. Please include <meta name="mobile-web-app-capable" content="yes"> @ http://localhost:3002/zh:0
[   27695ms] [ERROR] Failed to load resource: the server responded with a status of 404 (Not Found) @ http://localhost:3002/manifest.json:0
[   27699ms] [ERROR] Manifest fetch from http://localhost:3002/manifest.json failed, code 404 @ http://localhost:3002/zh:0
[   27700ms] [WARNING] <meta name="apple-mobile-web-app-capable" content="yes"> is deprecated. Please include <meta name="mobile-web-app-capable" content="yes"> @ http://localhost:3002/zh:0
[   27871ms] [ERROR] Failed to load resource: the server responded with a status of 404 (Not Found) @ http://localhost:3002/manifest.json:0
[   27875ms] [ERROR] Manifest fetch from http://localhost:3002/manifest.json failed, code 404 @ http://localhost:3002/zh:0
[   27875ms] [WARNING] <meta name="apple-mobile-web-app-capable" content="yes"> is deprecated. Please include <meta name="mobile-web-app-capable" content="yes"> @ http://localhost:3002/zh:0
[   28051ms] [ERROR] Failed to load resource: the server responded with a status of 404 (Not Found) @ http://localhost:3002/manifest.json:0
[   28055ms] [ERROR] Manifest fetch from http://localhost:3002/manifest.json failed, code 404 @ http://localhost:3002/zh:0
[   28056ms] [WARNING] <meta name="apple-mobile-web-app-capable" content="yes"> is deprecated. Please include <meta name="mobile-web-app-capable" content="yes"> @ http://localhost:3002/zh:0
[   28245ms] [ERROR] Failed to load resource: the server responded with a status of 404 (Not Found) @ http://localhost:3002/manifest.json:0
[   28251ms] [ERROR] Manifest fetch from http://localhost:3002/manifest.json failed, code 404 @ http://localhost:3002/zh:0
[   28251ms] [WARNING] <meta name="apple-mobile-web-app-capable" content="yes"> is deprecated. Please include <meta name="mobile-web-app-capable" content="yes"> @ http://localhost:3002/zh:0
[   28572ms] [ERROR] Failed to load resource: the server responded with a status of 500 (Internal Server Error) @ http://localhost:3002/zh?_rsc=18lr3:0
[   28777ms] [ERROR] Failed to load resource: the server responded with a status of 404 (Not Found) @ http://localhost:3002/manifest.json:0
[   28787ms] [ERROR] Manifest fetch from http://localhost:3002/manifest.json failed, code 404 @ http://localhost:3002/zh:0
[   29285ms] [ERROR] Failed to load resource: the server responded with a status of 404 (Not Found) @ http://localhost:3002/manifest.json:0
[   29300ms] [ERROR] Manifest fetch from http://localhost:3002/manifest.json failed, code 404 @ http://localhost:3002/zh:0
[   29300ms] [WARNING] <meta name="apple-mobile-web-app-capable" content="yes"> is deprecated. Please include <meta name="mobile-web-app-capable" content="yes"> @ http://localhost:3002/zh:0
[   29560ms] [ERROR] Failed to load resource: the server responded with a status of 404 (Not Found) @ http://localhost:3002/manifest.json:0
[   29565ms] [ERROR] Manifest fetch from http://localhost:3002/manifest.json failed, code 404 @ http://localhost:3002/zh:0
[   29569ms] [WARNING] <meta name="apple-mobile-web-app-capable" content="yes"> is deprecated. Please include <meta name="mobile-web-app-capable" content="yes"> @ http://localhost:3002/zh:0
[   29779ms] [ERROR] Failed to load resource: the server responded with a status of 404 (Not Found) @ http://localhost:3002/manifest.json:0
[   29785ms] [ERROR] Manifest fetch from http://localhost:3002/manifest.json failed, code 404 @ http://localhost:3002/zh:0
[   29786ms] [WARNING] <meta name="apple-mobile-web-app-capable" content="yes"> is deprecated. Please include <meta name="mobile-web-app-capable" content="yes"> @ http://localhost:3002/zh:0
[   30030ms] [ERROR] Failed to load resource: the server responded with a status of 404 (Not Found) @ http://localhost:3002/manifest.json:0
[   30039ms] [ERROR] Manifest fetch from http://localhost:3002/manifest.json failed, code 404 @ http://localhost:3002/zh:0
[   30039ms] [WARNING] <meta name="apple-mobile-web-app-capable" content="yes"> is deprecated. Please include <meta name="mobile-web-app-capable" content="yes"> @ http://localhost:3002/zh:0
[   30297ms] [ERROR] Failed to load resource: the server responded with a status of 404 (Not Found) @ http://localhost:3002/manifest.json:0
[   30305ms] [ERROR] Manifest fetch from http://localhost:3002/manifest.json failed, code 404 @ http://localhost:3002/zh:0
[   30305ms] [WARNING] <meta name="apple-mobile-web-app-capable" content="yes"> is deprecated. Please include <meta name="mobile-web-app-capable" content="yes"> @ http://localhost:3002/zh:0
[   30561ms] [ERROR] Failed to load resource: the server responded with a status of 404 (Not Found) @ http://localhost:3002/manifest.json:0
[   30566ms] [ERROR] Manifest fetch from http://localhost:3002/manifest.json failed, code 404 @ http://localhost:3002/zh:0
[   30566ms] [WARNING] <meta name="apple-mobile-web-app-capable" content="yes"> is deprecated. Please include <meta name="mobile-web-app-capable" content="yes"> @ http://localhost:3002/zh:0
[   30793ms] [ERROR] Failed to load resource: the server responded with a status of 404 (Not Found) @ http://localhost:3002/manifest.json:0
[   30797ms] [ERROR] Manifest fetch from http://localhost:3002/manifest.json failed, code 404 @ http://localhost:3002/zh:0
[   30798ms] [WARNING] <meta name="apple-mobile-web-app-capable" content="yes"> is deprecated. Please include <meta name="mobile-web-app-capable" content="yes"> @ http://localhost:3002/zh:0
[   30999ms] [ERROR] Failed to load resource: the server responded with a status of 404 (Not Found) @ http://localhost:3002/manifest.json:0
[   31005ms] [ERROR] Manifest fetch from http://localhost:3002/manifest.json failed, code 404 @ http://localhost:3002/zh:0
[   31005ms] [WARNING] <meta name="apple-mobile-web-app-capable" content="yes"> is deprecated. Please include <meta name="mobile-web-app-capable" content="yes"> @ http://localhost:3002/zh:0
[   31169ms] [ERROR] Failed to load resource: the server responded with a status of 404 (Not Found) @ http://localhost:3002/manifest.json:0
[   31174ms] [ERROR] Manifest fetch from http://localhost:3002/manifest.json failed, code 404 @ http://localhost:3002/zh:0
[   31174ms] [WARNING] <meta name="apple-mobile-web-app-capable" content="yes"> is deprecated. Please include <meta name="mobile-web-app-capable" content="yes"> @ http://localhost:3002/zh:0
[   31431ms] [ERROR] Failed to load resource: the server responded with a status of 404 (Not Found) @ http://localhost:3002/manifest.json:0
[   31436ms] [ERROR] Manifest fetch from http://localhost:3002/manifest.json failed, code 404 @ http://localhost:3002/zh:0
[   31436ms] [WARNING] <meta name="apple-mobile-web-app-capable" content="yes"> is deprecated. Please include <meta name="mobile-web-app-capable" content="yes"> @ http://localhost:3002/zh:0
[   31682ms] [ERROR] Failed to load resource: the server responded with a status of 404 (Not Found) @ http://localhost:3002/manifest.json:0
[   31686ms] [ERROR] Manifest fetch from http://localhost:3002/manifest.json failed, code 404 @ http://localhost:3002/zh:0
[   31687ms] [WARNING] <meta name="apple-mobile-web-app-capable" content="yes"> is deprecated. Please include <meta name="mobile-web-app-capable" content="yes"> @ http://localhost:3002/zh:0
[   31868ms] [ERROR] Failed to load resource: the server responded with a status of 404 (Not Found) @ http://localhost:3002/manifest.json:0
[   31872ms] [ERROR] Manifest fetch from http://localhost:3002/manifest.json failed, code 404 @ http://localhost:3002/zh:0
[   31872ms] [WARNING] <meta name="apple-mobile-web-app-capable" content="yes"> is deprecated. Please include <meta name="mobile-web-app-capable" content="yes"> @ http://localhost:3002/zh:0
[   32046ms] [ERROR] Failed to load resource: the server responded with a status of 404 (Not Found) @ http://localhost:3002/manifest.json:0
[   32050ms] [ERROR] Manifest fetch from http://localhost:3002/manifest.json failed, code 404 @ http://localhost:3002/zh:0
[   32051ms] [WARNING] <meta name="apple-mobile-web-app-capable" content="yes"> is deprecated. Please include <meta name="mobile-web-app-capable" content="yes"> @ http://localhost:3002/zh:0
[   32218ms] [ERROR] Failed to load resource: the server responded with a status of 404 (Not Found) @ http://localhost:3002/manifest.json:0
[   32223ms] [ERROR] Manifest fetch from http://localhost:3002/manifest.json failed, code 404 @ http://localhost:3002/zh:0
[   32224ms] [WARNING] <meta name="apple-mobile-web-app-capable" content="yes"> is deprecated. Please include <meta name="mobile-web-app-capable" content="yes"> @ http://localhost:3002/zh:0
[   32419ms] [ERROR] Failed to load resource: the server responded with a status of 404 (Not Found) @ http://localhost:3002/manifest.json:0
[   32426ms] [ERROR] Manifest fetch from http://localhost:3002/manifest.json failed, code 404 @ http://localhost:3002/zh:0
[   32426ms] [WARNING] <meta name="apple-mobile-web-app-capable" content="yes"> is deprecated. Please include <meta name="mobile-web-app-capable" content="yes"> @ http://localhost:3002/zh:0
[   32603ms] [ERROR] Failed to load resource: the server responded with a status of 404 (Not Found) @ http://localhost:3002/manifest.json:0
[   32609ms] [ERROR] Manifest fetch from http://localhost:3002/manifest.json failed, code 404 @ http://localhost:3002/zh:0
[   32609ms] [WARNING] <meta name="apple-mobile-web-app-capable" content="yes"> is deprecated. Please include <meta name="mobile-web-app-capable" content="yes"> @ http://localhost:3002/zh:0
[   32844ms] [ERROR] Failed to load resource: the server responded with a status of 404 (Not Found) @ http://localhost:3002/manifest.json:0
[   32854ms] [ERROR] Manifest fetch from http://localhost:3002/manifest.json failed, code 404 @ http://localhost:3002/zh:0
[   32854ms] [WARNING] <meta name="apple-mobile-web-app-capable" content="yes"> is deprecated. Please include <meta name="mobile-web-app-capable" content="yes"> @ http://localhost:3002/zh:0
[   33055ms] [ERROR] Failed to load resource: the server responded with a status of 404 (Not Found) @ http://localhost:3002/manifest.json:0
[   33060ms] [ERROR] Manifest fetch from http://localhost:3002/manifest.json failed, code 404 @ http://localhost:3002/zh:0
[   33060ms] [WARNING] <meta name="apple-mobile-web-app-capable" content="yes"> is deprecated. Please include <meta name="mobile-web-app-capable" content="yes"> @ http://localhost:3002/zh:0
[   33265ms] [ERROR] Failed to load resource: the server responded with a status of 404 (Not Found) @ http://localhost:3002/manifest.json:0
[   33269ms] [ERROR] Manifest fetch from http://localhost:3002/manifest.json failed, code 404 @ http://localhost:3002/zh:0
[   33270ms] [WARNING] <meta name="apple-mobile-web-app-capable" content="yes"> is deprecated. Please include <meta name="mobile-web-app-capable" content="yes"> @ http://localhost:3002/zh:0
[   33543ms] [ERROR] Failed to load resource: the server responded with a status of 404 (Not Found) @ http://localhost:3002/manifest.json:0
[   33547ms] [ERROR] Manifest fetch from http://localhost:3002/manifest.json failed, code 404 @ http://localhost:3002/zh:0
[   33547ms] [WARNING] <meta name="apple-mobile-web-app-capable" content="yes"> is deprecated. Please include <meta name="mobile-web-app-capable" content="yes"> @ http://localhost:3002/zh:0
[   33795ms] [ERROR] Failed to load resource: the server responded with a status of 404 (Not Found) @ http://localhost:3002/manifest.json:0
[   33804ms] [ERROR] Manifest fetch from http://localhost:3002/manifest.json failed, code 404 @ http://localhost:3002/zh:0
[   33804ms] [WARNING] <meta name="apple-mobile-web-app-capable" content="yes"> is deprecated. Please include <meta name="mobile-web-app-capable" content="yes"> @ http://localhost:3002/zh:0
[   34042ms] [ERROR] Failed to load resource: the server responded with a status of 404 (Not Found) @ http://localhost:3002/manifest.json:0
[   34046ms] [ERROR] Manifest fetch from http://localhost:3002/manifest.json failed, code 404 @ http://localhost:3002/zh:0
[   34046ms] [WARNING] <meta name="apple-mobile-web-app-capable" content="yes"> is deprecated. Please include <meta name="mobile-web-app-capable" content="yes"> @ http://localhost:3002/zh:0
[   34242ms] [ERROR] Failed to load resource: the server responded with a status of 404 (Not Found) @ http://localhost:3002/manifest.json:0
[   34248ms] [ERROR] Manifest fetch from http://localhost:3002/manifest.json failed, code 404 @ http://localhost:3002/zh:0
[   34248ms] [WARNING] <meta name="apple-mobile-web-app-capable" content="yes"> is deprecated. Please include <meta name="mobile-web-app-capable" content="yes"> @ http://localhost:3002/zh:0
[   34539ms] [ERROR] Failed to load resource: the server responded with a status of 404 (Not Found) @ http://localhost:3002/manifest.json:0
[   34542ms] [ERROR] Manifest fetch from http://localhost:3002/manifest.json failed, code 404 @ http://localhost:3002/zh:0
[   34571ms] [WARNING] <meta name="apple-mobile-web-app-capable" content="yes"> is deprecated. Please include <meta name="mobile-web-app-capable" content="yes"> @ http://localhost:3002/zh:0
[   35271ms] [ERROR] Failed to load resource: the server responded with a status of 404 (Not Found) @ http://localhost:3002/manifest.json:0
[   35277ms] [ERROR] Manifest fetch from http://localhost:3002/manifest.json failed, code 404 @ http://localhost:3002/zh:0
[   35278ms] [WARNING] <meta name="apple-mobile-web-app-capable" content="yes"> is deprecated. Please include <meta name="mobile-web-app-capable" content="yes"> @ http://localhost:3002/zh:0
[   35553ms] [ERROR] Failed to load resource: the server responded with a status of 404 (Not Found) @ http://localhost:3002/manifest.json:0
[   35569ms] [ERROR] Manifest fetch from http://localhost:3002/manifest.json failed, code 404 @ http://localhost:3002/zh:0
[   35569ms] [WARNING] <meta name="apple-mobile-web-app-capable" content="yes"> is deprecated. Please include <meta name="mobile-web-app-capable" content="yes"> @ http://localhost:3002/zh:0
[   35879ms] [ERROR] Failed to load resource: the server responded with a status of 404 (Not Found) @ http://localhost:3002/manifest.json:0
[   35885ms] [ERROR] Manifest fetch from http://localhost:3002/manifest.json failed, code 404 @ http://localhost:3002/zh:0
[   35889ms] [WARNING] <meta name="apple-mobile-web-app-capable" content="yes"> is deprecated. Please include <meta name="mobile-web-app-capable" content="yes"> @ http://localhost:3002/zh:0
[   36111ms] [ERROR] Failed to load resource: the server responded with a status of 404 (Not Found) @ http://localhost:3002/manifest.json:0
[   36118ms] [ERROR] Manifest fetch from http://localhost:3002/manifest.json failed, code 404 @ http://localhost:3002/zh:0
[   36118ms] [WARNING] <meta name="apple-mobile-web-app-capable" content="yes"> is deprecated. Please include <meta name="mobile-web-app-capable" content="yes"> @ http://localhost:3002/zh:0
[   36325ms] [ERROR] Failed to load resource: the server responded with a status of 404 (Not Found) @ http://localhost:3002/manifest.json:0
[   36346ms] [ERROR] Manifest fetch from http://localhost:3002/manifest.json failed, code 404 @ http://localhost:3002/zh:0
[   36347ms] [WARNING] <meta name="apple-mobile-web-app-capable" content="yes"> is deprecated. Please include <meta name="mobile-web-app-capable" content="yes"> @ http://localhost:3002/zh:0
[   36559ms] [ERROR] Failed to load resource: the server responded with a status of 404 (Not Found) @ http://localhost:3002/manifest.json:0
[   36563ms] [ERROR] Manifest fetch from http://localhost:3002/manifest.json failed, code 404 @ http://localhost:3002/zh:0
[   36563ms] [WARNING] <meta name="apple-mobile-web-app-capable" content="yes"> is deprecated. Please include <meta name="mobile-web-app-capable" content="yes"> @ http://localhost:3002/zh:0
[   36754ms] [ERROR] Failed to load resource: the server responded with a status of 404 (Not Found) @ http://localhost:3002/manifest.json:0
[   36758ms] [ERROR] Manifest fetch from http://localhost:3002/manifest.json failed, code 404 @ http://localhost:3002/zh:0
[   36759ms] [WARNING] <meta name="apple-mobile-web-app-capable" content="yes"> is deprecated. Please include <meta name="mobile-web-app-capable" content="yes"> @ http://localhost:3002/zh:0
[   36938ms] [ERROR] Failed to load resource: the server responded with a status of 404 (Not Found) @ http://localhost:3002/manifest.json:0
[   36942ms] [ERROR] Manifest fetch from http://localhost:3002/manifest.json failed, code 404 @ http://localhost:3002/zh:0
[   36942ms] [WARNING] <meta name="apple-mobile-web-app-capable" content="yes"> is deprecated. Please include <meta name="mobile-web-app-capable" content="yes"> @ http://localhost:3002/zh:0
[   37142ms] [ERROR] Failed to load resource: the server responded with a status of 404 (Not Found) @ http://localhost:3002/manifest.json:0
[   37145ms] [ERROR] Manifest fetch from http://localhost:3002/manifest.json failed, code 404 @ http://localhost:3002/zh:0
[   37146ms] [WARNING] <meta name="apple-mobile-web-app-capable" content="yes"> is deprecated. Please include <meta name="mobile-web-app-capable" content="yes"> @ http://localhost:3002/zh:0
[   37354ms] [ERROR] Failed to load resource: the server responded with a status of 404 (Not Found) @ http://localhost:3002/manifest.json:0
[   37358ms] [ERROR] Manifest fetch from http://localhost:3002/manifest.json failed, code 404 @ http://localhost:3002/zh:0
[   37359ms] [WARNING] <meta name="apple-mobile-web-app-capable" content="yes"> is deprecated. Please include <meta name="mobile-web-app-capable" content="yes"> @ http://localhost:3002/zh:0
[   37559ms] [ERROR] Failed to load resource: the server responded with a status of 404 (Not Found) @ http://localhost:3002/manifest.json:0
[   37563ms] [ERROR] Manifest fetch from http://localhost:3002/manifest.json failed, code 404 @ http://localhost:3002/zh:0
[   37563ms] [WARNING] <meta name="apple-mobile-web-app-capable" content="yes"> is deprecated. Please include <meta name="mobile-web-app-capable" content="yes"> @ http://localhost:3002/zh:0
[   37756ms] [ERROR] Failed to load resource: the server responded with a status of 404 (Not Found) @ http://localhost:3002/manifest.json:0
[   37761ms] [ERROR] Manifest fetch from http://localhost:3002/manifest.json failed, code 404 @ http://localhost:3002/zh:0
[   37761ms] [WARNING] <meta name="apple-mobile-web-app-capable" content="yes"> is deprecated. Please include <meta name="mobile-web-app-capable" content="yes"> @ http://localhost:3002/zh:0
[   37984ms] [ERROR] Failed to load resource: the server responded with a status of 404 (Not Found) @ http://localhost:3002/manifest.json:0
[   38013ms] [ERROR] Manifest fetch from http://localhost:3002/manifest.json failed, code 404 @ http://localhost:3002/zh:0
[   38013ms] [WARNING] <meta name="apple-mobile-web-app-capable" content="yes"> is deprecated. Please include <meta name="mobile-web-app-capable" content="yes"> @ http://localhost:3002/zh:0
[   38168ms] [ERROR] Failed to load resource: the server responded with a status of 404 (Not Found) @ http://localhost:3002/manifest.json:0
[   38173ms] [ERROR] Manifest fetch from http://localhost:3002/manifest.json failed, code 404 @ http://localhost:3002/zh:0
[   38174ms] [WARNING] <meta name="apple-mobile-web-app-capable" content="yes"> is deprecated. Please include <meta name="mobile-web-app-capable" content="yes"> @ http://localhost:3002/zh:0
[   38394ms] [ERROR] Failed to load resource: the server responded with a status of 404 (Not Found) @ http://localhost:3002/manifest.json:0
[   38399ms] [ERROR] Manifest fetch from http://localhost:3002/manifest.json failed, code 404 @ http://localhost:3002/zh:0
[   38399ms] [WARNING] <meta name="apple-mobile-web-app-capable" content="yes"> is deprecated. Please include <meta name="mobile-web-app-capable" content="yes"> @ http://localhost:3002/zh:0
[   38577ms] [ERROR] Failed to load resource: the server responded with a status of 404 (Not Found) @ http://localhost:3002/manifest.json:0
[   38582ms] [ERROR] Manifest fetch from http://localhost:3002/manifest.json failed, code 404 @ http://localhost:3002/zh:0
[   38582ms] [WARNING] <meta name="apple-mobile-web-app-capable" content="yes"> is deprecated. Please include <meta name="mobile-web-app-capable" content="yes"> @ http://localhost:3002/zh:0
[   38786ms] [ERROR] Failed to load resource: the server responded with a status of 404 (Not Found) @ http://localhost:3002/manifest.json:0
[   38790ms] [ERROR] Manifest fetch from http://localhost:3002/manifest.json failed, code 404 @ http://localhost:3002/zh:0
[   38790ms] [WARNING] <meta name="apple-mobile-web-app-capable" content="yes"> is deprecated. Please include <meta name="mobile-web-app-capable" content="yes"> @ http://localhost:3002/zh:0
[   38980ms] [ERROR] Failed to load resource: the server responded with a status of 404 (Not Found) @ http://localhost:3002/manifest.json:0
[   38986ms] [ERROR] Manifest fetch from http://localhost:3002/manifest.json failed, code 404 @ http://localhost:3002/zh:0
[   38986ms] [WARNING] <meta name="apple-mobile-web-app-capable" content="yes"> is deprecated. Please include <meta name="mobile-web-app-capable" content="yes"> @ http://localhost:3002/zh:0
[   39138ms] [ERROR] Failed to load resource: the server responded with a status of 404 (Not Found) @ http://localhost:3002/manifest.json:0
[   39141ms] [ERROR] Manifest fetch from http://localhost:3002/manifest.json failed, code 404 @ http://localhost:3002/zh:0
[   39142ms] [WARNING] <meta name="apple-mobile-web-app-capable" content="yes"> is deprecated. Please include <meta name="mobile-web-app-capable" content="yes"> @ http://localhost:3002/zh:0
[   39306ms] [WARNING] <meta name="apple-mobile-web-app-capable" content="yes"> is deprecated. Please include <meta name="mobile-web-app-capable" content="yes"> @ http://localhost:3002/zh:0
[   39327ms] [ERROR] Failed to load resource: the server responded with a status of 404 (Not Found) @ http://localhost:3002/manifest.json:0
[   39331ms] [ERROR] Manifest fetch from http://localhost:3002/manifest.json failed, code 404 @ http://localhost:3002/zh:0
[   39487ms] [WARNING] <meta name="apple-mobile-web-app-capable" content="yes"> is deprecated. Please include <meta name="mobile-web-app-capable" content="yes"> @ http://localhost:3002/zh:0
[   39509ms] [ERROR] Failed to load resource: the server responded with a status of 404 (Not Found) @ http://localhost:3002/manifest.json:0
[   39514ms] [ERROR] Manifest fetch from http://localhost:3002/manifest.json failed, code 404 @ http://localhost:3002/zh:0
[   39663ms] [WARNING] <meta name="apple-mobile-web-app-capable" content="yes"> is deprecated. Please include <meta name="mobile-web-app-capable" content="yes"> @ http://localhost:3002/zh:0
[   39682ms] [ERROR] Failed to load resource: the server responded with a status of 404 (Not Found) @ http://localhost:3002/manifest.json:0
[   39688ms] [ERROR] Manifest fetch from http://localhost:3002/manifest.json failed, code 404 @ http://localhost:3002/zh:0
[   39870ms] [WARNING] <meta name="apple-mobile-web-app-capable" content="yes"> is deprecated. Please include <meta name="mobile-web-app-capable" content="yes"> @ http://localhost:3002/zh:0
[   39885ms] [ERROR] Failed to load resource: the server responded with a status of 404 (Not Found) @ http://localhost:3002/manifest.json:0
[   39889ms] [ERROR] Manifest fetch from http://localhost:3002/manifest.json failed, code 404 @ http://localhost:3002/zh:0
[   40053ms] [WARNING] <meta name="apple-mobile-web-app-capable" content="yes"> is deprecated. Please include <meta name="mobile-web-app-capable" content="yes"> @ http://localhost:3002/zh:0
[   40071ms] [ERROR] Failed to load resource: the server responded with a status of 404 (Not Found) @ http://localhost:3002/manifest.json:0
[   40075ms] [ERROR] Manifest fetch from http://localhost:3002/manifest.json failed, code 404 @ http://localhost:3002/zh:0
[   40225ms] [WARNING] <meta name="apple-mobile-web-app-capable" content="yes"> is deprecated. Please include <meta name="mobile-web-app-capable" content="yes"> @ http://localhost:3002/zh:0
[   40246ms] [ERROR] Failed to load resource: the server responded with a status of 404 (Not Found) @ http://localhost:3002/manifest.json:0
[   40251ms] [ERROR] Manifest fetch from http://localhost:3002/manifest.json failed, code 404 @ http://localhost:3002/zh:0
[   40413ms] [WARNING] <meta name="apple-mobile-web-app-capable" content="yes"> is deprecated. Please include <meta name="mobile-web-app-capable" content="yes"> @ http://localhost:3002/zh:0
[   40428ms] [ERROR] Failed to load resource: the server responded with a status of 404 (Not Found) @ http://localhost:3002/manifest.json:0
[   40432ms] [ERROR] Manifest fetch from http://localhost:3002/manifest.json failed, code 404 @ http://localhost:3002/zh:0
[   40578ms] [WARNING] <meta name="apple-mobile-web-app-capable" content="yes"> is deprecated. Please include <meta name="mobile-web-app-capable" content="yes"> @ http://localhost:3002/zh:0
[   40595ms] [ERROR] Failed to load resource: the server responded with a status of 404 (Not Found) @ http://localhost:3002/manifest.json:0
[   40599ms] [ERROR] Manifest fetch from http://localhost:3002/manifest.json failed, code 404 @ http://localhost:3002/zh:0
[   40759ms] [WARNING] <meta name="apple-mobile-web-app-capable" content="yes"> is deprecated. Please include <meta name="mobile-web-app-capable" content="yes"> @ http://localhost:3002/zh:0
[   40773ms] [ERROR] Failed to load resource: the server responded with a status of 404 (Not Found) @ http://localhost:3002/manifest.json:0
[   40777ms] [ERROR] Manifest fetch from http://localhost:3002/manifest.json failed, code 404 @ http://localhost:3002/zh:0
[   40942ms] [WARNING] <meta name="apple-mobile-web-app-capable" content="yes"> is deprecated. Please include <meta name="mobile-web-app-capable" content="yes"> @ http://localhost:3002/zh:0
[   40961ms] [ERROR] Failed to load resource: the server responded with a status of 404 (Not Found) @ http://localhost:3002/manifest.json:0
[   40965ms] [ERROR] Manifest fetch from http://localhost:3002/manifest.json failed, code 404 @ http://localhost:3002/zh:0
[   41122ms] [WARNING] <meta name="apple-mobile-web-app-capable" content="yes"> is deprecated. Please include <meta name="mobile-web-app-capable" content="yes"> @ http://localhost:3002/zh:0
[   41142ms] [ERROR] Failed to load resource: the server responded with a status of 404 (Not Found) @ http://localhost:3002/manifest.json:0
[   41147ms] [ERROR] Manifest fetch from http://localhost:3002/manifest.json failed, code 404 @ http://localhost:3002/zh:0
[   41274ms] [WARNING] <meta name="apple-mobile-web-app-capable" content="yes"> is deprecated. Please include <meta name="mobile-web-app-capable" content="yes"> @ http://localhost:3002/zh:0
[   41304ms] [ERROR] Failed to load resource: the server responded with a status of 404 (Not Found) @ http://localhost:3002/manifest.json:0
[   41414ms] [ERROR] Manifest fetch from http://localhost:3002/manifest.json failed, code 404 @ http://localhost:3002/zh:0
[   41543ms] [WARNING] <meta name="apple-mobile-web-app-capable" content="yes"> is deprecated. Please include <meta name="mobile-web-app-capable" content="yes"> @ http://localhost:3002/zh:0
[   41574ms] [ERROR] Failed to load resource: the server responded with a status of 404 (Not Found) @ http://localhost:3002/manifest.json:0
[   41615ms] [ERROR] Manifest fetch from http://localhost:3002/manifest.json failed, code 404 @ http://localhost:3002/zh:0
[   41654ms] [WARNING] <meta name="apple-mobile-web-app-capable" content="yes"> is deprecated. Please include <meta name="mobile-web-app-capable" content="yes"> @ http://localhost:3002/zh:0
[   41686ms] [ERROR] Failed to load resource: the server responded with a status of 404 (Not Found) @ http://localhost:3002/manifest.json:0
[   41699ms] [ERROR] Manifest fetch from http://localhost:3002/manifest.json failed, code 404 @ http://localhost:3002/zh:0
[   41739ms] [WARNING] <meta name="apple-mobile-web-app-capable" content="yes"> is deprecated. Please include <meta name="mobile-web-app-capable" content="yes"> @ http://localhost:3002/zh:0
[   41808ms] [ERROR] Failed to load resource: the server responded with a status of 404 (Not Found) @ http://localhost:3002/manifest.json:0
[   41817ms] [ERROR] Manifest fetch from http://localhost:3002/manifest.json failed, code 404 @ http://localhost:3002/zh:0
[   41870ms] [WARNING] <meta name="apple-mobile-web-app-capable" content="yes"> is deprecated. Please include <meta name="mobile-web-app-capable" content="yes"> @ http://localhost:3002/zh:0
[   41950ms] [ERROR] Failed to load resource: the server responded with a status of 404 (Not Found) @ http://localhost:3002/manifest.json:0
[   41961ms] [ERROR] Manifest fetch from http://localhost:3002/manifest.json failed, code 404 @ http://localhost:3002/zh:0
[   42011ms] [WARNING] <meta name="apple-mobile-web-app-capable" content="yes"> is deprecated. Please include <meta name="mobile-web-app-capable" content="yes"> @ http://localhost:3002/zh:0
[   42069ms] [ERROR] Failed to load resource: the server responded with a status of 404 (Not Found) @ http://localhost:3002/manifest.json:0
[   42108ms] [ERROR] Manifest fetch from http://localhost:3002/manifest.json failed, code 404 @ http://localhost:3002/zh:0
[   42190ms] [WARNING] <meta name="apple-mobile-web-app-capable" content="yes"> is deprecated. Please include <meta name="mobile-web-app-capable" content="yes"> @ http://localhost:3002/zh:0
[   42218ms] [ERROR] Failed to load resource: the server responded with a status of 404 (Not Found) @ http://localhost:3002/manifest.json:0
[   42241ms] [ERROR] Manifest fetch from http://localhost:3002/manifest.json failed, code 404 @ http://localhost:3002/zh:0
[   42288ms] [WARNING] <meta name="apple-mobile-web-app-capable" content="yes"> is deprecated. Please include <meta name="mobile-web-app-capable" content="yes"> @ http://localhost:3002/zh:0
[   42329ms] [ERROR] Failed to load resource: the server responded with a status of 404 (Not Found) @ http://localhost:3002/manifest.json:0
[   42342ms] [ERROR] Manifest fetch from http://localhost:3002/manifest.json failed, code 404 @ http://localhost:3002/zh:0
[   42394ms] [WARNING] <meta name="apple-mobile-web-app-capable" content="yes"> is deprecated. Please include <meta name="mobile-web-app-capable" content="yes"> @ http://localhost:3002/zh:0
[   42465ms] [ERROR] Failed to load resource: the server responded with a status of 404 (Not Found) @ http://localhost:3002/manifest.json:0
[   42479ms] [ERROR] Manifest fetch from http://localhost:3002/manifest.json failed, code 404 @ http://localhost:3002/zh:0
[   42543ms] [WARNING] <meta name="apple-mobile-web-app-capable" content="yes"> is deprecated. Please include <meta name="mobile-web-app-capable" content="yes"> @ http://localhost:3002/zh:0
[   42607ms] [ERROR] Failed to load resource: the server responded with a status of 404 (Not Found) @ http://localhost:3002/manifest.json:0
[   42618ms] [ERROR] Manifest fetch from http://localhost:3002/manifest.json failed, code 404 @ http://localhost:3002/zh:0
[   42661ms] [WARNING] <meta name="apple-mobile-web-app-capable" content="yes"> is deprecated. Please include <meta name="mobile-web-app-capable" content="yes"> @ http://localhost:3002/zh:0
[   42718ms] [ERROR] Failed to load resource: the server responded with a status of 404 (Not Found) @ http://localhost:3002/manifest.json:0
[   42761ms] [ERROR] Manifest fetch from http://localhost:3002/manifest.json failed, code 404 @ http://localhost:3002/zh:0
[   42844ms] [WARNING] <meta name="apple-mobile-web-app-capable" content="yes"> is deprecated. Please include <meta name="mobile-web-app-capable" content="yes"> @ http://localhost:3002/zh:0
[   42887ms] [ERROR] Failed to load resource: the server responded with a status of 404 (Not Found) @ http://localhost:3002/manifest.json:0
[   42943ms] [ERROR] Manifest fetch from http://localhost:3002/manifest.json failed, code 404 @ http://localhost:3002/zh:0
[   42970ms] [WARNING] <meta name="apple-mobile-web-app-capable" content="yes"> is deprecated. Please include <meta name="mobile-web-app-capable" content="yes"> @ http://localhost:3002/zh:0
[   43027ms] [ERROR] Failed to load resource: the server responded with a status of 404 (Not Found) @ http://localhost:3002/manifest.json:0
[   43075ms] [ERROR] Manifest fetch from http://localhost:3002/manifest.json failed, code 404 @ http://localhost:3002/zh:0
[   43107ms] [WARNING] <meta name="apple-mobile-web-app-capable" content="yes"> is deprecated. Please include <meta name="mobile-web-app-capable" content="yes"> @ http://localhost:3002/zh:0
[   43157ms] [ERROR] Failed to load resource: the server responded with a status of 404 (Not Found) @ http://localhost:3002/manifest.json:0
[   43163ms] [ERROR] Manifest fetch from http://localhost:3002/manifest.json failed, code 404 @ http://localhost:3002/zh:0
[   43205ms] [WARNING] <meta name="apple-mobile-web-app-capable" content="yes"> is deprecated. Please include <meta name="mobile-web-app-capable" content="yes"> @ http://localhost:3002/zh:0
[   43257ms] [ERROR] Failed to load resource: the server responded with a status of 404 (Not Found) @ http://localhost:3002/manifest.json:0
[   43271ms] [ERROR] Manifest fetch from http://localhost:3002/manifest.json failed, code 404 @ http://localhost:3002/zh:0
[   43377ms] [WARNING] <meta name="apple-mobile-web-app-capable" content="yes"> is deprecated. Please include <meta name="mobile-web-app-capable" content="yes"> @ http://localhost:3002/zh:0
[   43420ms] [ERROR] Failed to load resource: the server responded with a status of 404 (Not Found) @ http://localhost:3002/manifest.json:0
[   43460ms] [WARNING] <meta name="apple-mobile-web-app-capable" content="yes"> is deprecated. Please include <meta name="mobile-web-app-capable" content="yes"> @ http://localhost:3002/zh:0
[   43477ms] [ERROR] Manifest fetch from http://localhost:3002/manifest.json failed, code 404 @ http://localhost:3002/zh:0
[   43592ms] [WARNING] <meta name="apple-mobile-web-app-capable" content="yes"> is deprecated. Please include <meta name="mobile-web-app-capable" content="yes"> @ http://localhost:3002/zh:0
[   43614ms] [ERROR] Failed to load resource: the server responded with a status of 404 (Not Found) @ http://localhost:3002/manifest.json:0
[   43619ms] [ERROR] Manifest fetch from http://localhost:3002/manifest.json failed, code 404 @ http://localhost:3002/zh:0
[   43745ms] [WARNING] <meta name="apple-mobile-web-app-capable" content="yes"> is deprecated. Please include <meta name="mobile-web-app-capable" content="yes"> @ http://localhost:3002/zh:0
[   43765ms] [ERROR] Failed to load resource: the server responded with a status of 404 (Not Found) @ http://localhost:3002/manifest.json:0
[   43771ms] [ERROR] Manifest fetch from http://localhost:3002/manifest.json failed, code 404 @ http://localhost:3002/zh:0
[   43923ms] [WARNING] <meta name="apple-mobile-web-app-capable" content="yes"> is deprecated. Please include <meta name="mobile-web-app-capable" content="yes"> @ http://localhost:3002/zh:0
[   43942ms] [ERROR] Failed to load resource: the server responded with a status of 404 (Not Found) @ http://localhost:3002/manifest.json:0
[   43946ms] [ERROR] Manifest fetch from http://localhost:3002/manifest.json failed, code 404 @ http://localhost:3002/zh:0
[   44097ms] [WARNING] <meta name="apple-mobile-web-app-capable" content="yes"> is deprecated. Please include <meta name="mobile-web-app-capable" content="yes"> @ http://localhost:3002/zh:0
[   44115ms] [ERROR] Failed to load resource: the server responded with a status of 404 (Not Found) @ http://localhost:3002/manifest.json:0
[   44121ms] [ERROR] Manifest fetch from http://localhost:3002/manifest.json failed, code 404 @ http://localhost:3002/zh:0
[   44312ms] [WARNING] <meta name="apple-mobile-web-app-capable" content="yes"> is deprecated. Please include <meta name="mobile-web-app-capable" content="yes"> @ http://localhost:3002/zh:0
[   44333ms] [ERROR] Failed to load resource: the server responded with a status of 404 (Not Found) @ http://localhost:3002/manifest.json:0
[   44338ms] [ERROR] Manifest fetch from http://localhost:3002/manifest.json failed, code 404 @ http://localhost:3002/zh:0
[   44511ms] [WARNING] <meta name="apple-mobile-web-app-capable" content="yes"> is deprecated. Please include <meta name="mobile-web-app-capable" content="yes"> @ http://localhost:3002/zh:0
[   44529ms] [ERROR] Failed to load resource: the server responded with a status of 404 (Not Found) @ http://localhost:3002/manifest.json:0
[   44534ms] [ERROR] Manifest fetch from http://localhost:3002/manifest.json failed, code 404 @ http://localhost:3002/zh:0
[   44685ms] [WARNING] <meta name="apple-mobile-web-app-capable" content="yes"> is deprecated. Please include <meta name="mobile-web-app-capable" content="yes"> @ http://localhost:3002/zh:0
[   44711ms] [ERROR] Failed to load resource: the server responded with a status of 404 (Not Found) @ http://localhost:3002/manifest.json:0
[   44715ms] [ERROR] Manifest fetch from http://localhost:3002/manifest.json failed, code 404 @ http://localhost:3002/zh:0
[   44855ms] [WARNING] <meta name="apple-mobile-web-app-capable" content="yes"> is deprecated. Please include <meta name="mobile-web-app-capable" content="yes"> @ http://localhost:3002/zh:0
[   44873ms] [ERROR] Failed to load resource: the server responded with a status of 404 (Not Found) @ http://localhost:3002/manifest.json:0
[   44878ms] [ERROR] Manifest fetch from http://localhost:3002/manifest.json failed, code 404 @ http://localhost:3002/zh:0
[   45020ms] [WARNING] <meta name="apple-mobile-web-app-capable" content="yes"> is deprecated. Please include <meta name="mobile-web-app-capable" content="yes"> @ http://localhost:3002/zh:0
[   45033ms] [ERROR] Failed to load resource: the server responded with a status of 404 (Not Found) @ http://localhost:3002/manifest.json:0
[   45037ms] [ERROR] Manifest fetch from http://localhost:3002/manifest.json failed, code 404 @ http://localhost:3002/zh:0
[   45188ms] [WARNING] <meta name="apple-mobile-web-app-capable" content="yes"> is deprecated. Please include <meta name="mobile-web-app-capable" content="yes"> @ http://localhost:3002/zh:0
[   45204ms] [ERROR] Failed to load resource: the server responded with a status of 404 (Not Found) @ http://localhost:3002/manifest.json:0
[   45208ms] [ERROR] Manifest fetch from http://localhost:3002/manifest.json failed, code 404 @ http://localhost:3002/zh:0
[   45375ms] [WARNING] <meta name="apple-mobile-web-app-capable" content="yes"> is deprecated. Please include <meta name="mobile-web-app-capable" content="yes"> @ http://localhost:3002/zh:0
[   45393ms] [ERROR] Failed to load resource: the server responded with a status of 404 (Not Found) @ http://localhost:3002/manifest.json:0
[   45398ms] [ERROR] Manifest fetch from http://localhost:3002/manifest.json failed, code 404 @ http://localhost:3002/zh:0
[   45537ms] [WARNING] <meta name="apple-mobile-web-app-capable" content="yes"> is deprecated. Please include <meta name="mobile-web-app-capable" content="yes"> @ http://localhost:3002/zh:0
[   45559ms] [ERROR] Failed to load resource: the server responded with a status of 404 (Not Found) @ http://localhost:3002/manifest.json:0
[   45563ms] [ERROR] Manifest fetch from http://localhost:3002/manifest.json failed, code 404 @ http://localhost:3002/zh:0
[   45730ms] [WARNING] <meta name="apple-mobile-web-app-capable" content="yes"> is deprecated. Please include <meta name="mobile-web-app-capable" content="yes"> @ http://localhost:3002/zh:0
[   45752ms] [ERROR] Failed to load resource: the server responded with a status of 404 (Not Found) @ http://localhost:3002/manifest.json:0
[   45761ms] [ERROR] Manifest fetch from http://localhost:3002/manifest.json failed, code 404 @ http://localhost:3002/zh:0
[   45904ms] [WARNING] <meta name="apple-mobile-web-app-capable" content="yes"> is deprecated. Please include <meta name="mobile-web-app-capable" content="yes"> @ http://localhost:3002/zh:0
[   45926ms] [ERROR] Failed to load resource: the server responded with a status of 404 (Not Found) @ http://localhost:3002/manifest.json:0
[   45931ms] [ERROR] Manifest fetch from http://localhost:3002/manifest.json failed, code 404 @ http://localhost:3002/zh:0
[   46093ms] [WARNING] <meta name="apple-mobile-web-app-capable" content="yes"> is deprecated. Please include <meta name="mobile-web-app-capable" content="yes"> @ http://localhost:3002/zh:0
[   46121ms] [ERROR] Failed to load resource: the server responded with a status of 404 (Not Found) @ http://localhost:3002/manifest.json:0
[   46130ms] [ERROR] Manifest fetch from http://localhost:3002/manifest.json failed, code 404 @ http://localhost:3002/zh:0
[   46255ms] [WARNING] <meta name="apple-mobile-web-app-capable" content="yes"> is deprecated. Please include <meta name="mobile-web-app-capable" content="yes"> @ http://localhost:3002/zh:0
[   46276ms] [ERROR] Failed to load resource: the server responded with a status of 404 (Not Found) @ http://localhost:3002/manifest.json:0
[   46280ms] [ERROR] Manifest fetch from http://localhost:3002/manifest.json failed, code 404 @ http://localhost:3002/zh:0
[   46487ms] [WARNING] <meta name="apple-mobile-web-app-capable" content="yes"> is deprecated. Please include <meta name="mobile-web-app-capable" content="yes"> @ http://localhost:3002/zh:0
[   46506ms] [ERROR] Failed to load resource: the server responded with a status of 404 (Not Found) @ http://localhost:3002/manifest.json:0
[   46510ms] [ERROR] Manifest fetch from http://localhost:3002/manifest.json failed, code 404 @ http://localhost:3002/zh:0
[   46657ms] [WARNING] <meta name="apple-mobile-web-app-capable" content="yes"> is deprecated. Please include <meta name="mobile-web-app-capable" content="yes"> @ http://localhost:3002/zh:0
[   46675ms] [ERROR] Failed to load resource: the server responded with a status of 404 (Not Found) @ http://localhost:3002/manifest.json:0
[   46679ms] [ERROR] Manifest fetch from http://localhost:3002/manifest.json failed, code 404 @ http://localhost:3002/zh:0
[   46822ms] [WARNING] <meta name="apple-mobile-web-app-capable" content="yes"> is deprecated. Please include <meta name="mobile-web-app-capable" content="yes"> @ http://localhost:3002/zh:0
[   46843ms] [ERROR] Failed to load resource: the server responded with a status of 404 (Not Found) @ http://localhost:3002/manifest.json:0
[   46847ms] [ERROR] Manifest fetch from http://localhost:3002/manifest.json failed, code 404 @ http://localhost:3002/zh:0
[   47004ms] [WARNING] <meta name="apple-mobile-web-app-capable" content="yes"> is deprecated. Please include <meta name="mobile-web-app-capable" content="yes"> @ http://localhost:3002/zh:0
[   47020ms] [ERROR] Failed to load resource: the server responded with a status of 404 (Not Found) @ http://localhost:3002/manifest.json:0
[   47025ms] [ERROR] Manifest fetch from http://localhost:3002/manifest.json failed, code 404 @ http://localhost:3002/zh:0
[   47177ms] [WARNING] <meta name="apple-mobile-web-app-capable" content="yes"> is deprecated. Please include <meta name="mobile-web-app-capable" content="yes"> @ http://localhost:3002/zh:0
[   47201ms] [ERROR] Failed to load resource: the server responded with a status of 404 (Not Found) @ http://localhost:3002/manifest.json:0
[   47206ms] [ERROR] Manifest fetch from http://localhost:3002/manifest.json failed, code 404 @ http://localhost:3002/zh:0
[   47342ms] [WARNING] <meta name="apple-mobile-web-app-capable" content="yes"> is deprecated. Please include <meta name="mobile-web-app-capable" content="yes"> @ http://localhost:3002/zh:0
[   47358ms] [ERROR] Failed to load resource: the server responded with a status of 404 (Not Found) @ http://localhost:3002/manifest.json:0
[   47362ms] [ERROR] Manifest fetch from http://localhost:3002/manifest.json failed, code 404 @ http://localhost:3002/zh:0
[   47506ms] [WARNING] <meta name="apple-mobile-web-app-capable" content="yes"> is deprecated. Please include <meta name="mobile-web-app-capable" content="yes"> @ http://localhost:3002/zh:0
[   47523ms] [ERROR] Failed to load resource: the server responded with a status of 404 (Not Found) @ http://localhost:3002/manifest.json:0
[   47527ms] [ERROR] Manifest fetch from http://localhost:3002/manifest.json failed, code 404 @ http://localhost:3002/zh:0
[   47715ms] [WARNING] <meta name="apple-mobile-web-app-capable" content="yes"> is deprecated. Please include <meta name="mobile-web-app-capable" content="yes"> @ http://localhost:3002/zh:0
[   47732ms] [ERROR] Failed to load resource: the server responded with a status of 404 (Not Found) @ http://localhost:3002/manifest.json:0
[   47738ms] [ERROR] Manifest fetch from http://localhost:3002/manifest.json failed, code 404 @ http://localhost:3002/zh:0
[   47894ms] [WARNING] <meta name="apple-mobile-web-app-capable" content="yes"> is deprecated. Please include <meta name="mobile-web-app-capable" content="yes"> @ http://localhost:3002/zh:0
[   47911ms] [ERROR] Failed to load resource: the server responded with a status of 404 (Not Found) @ http://localhost:3002/manifest.json:0
[   47915ms] [ERROR] Manifest fetch from http://localhost:3002/manifest.json failed, code 404 @ http://localhost:3002/zh:0
[   48105ms] [WARNING] <meta name="apple-mobile-web-app-capable" content="yes"> is deprecated. Please include <meta name="mobile-web-app-capable" content="yes"> @ http://localhost:3002/zh:0
[   48127ms] [ERROR] Failed to load resource: the server responded with a status of 404 (Not Found) @ http://localhost:3002/manifest.json:0
[   48131ms] [ERROR] Manifest fetch from http://localhost:3002/manifest.json failed, code 404 @ http://localhost:3002/zh:0
[   48337ms] [WARNING] <meta name="apple-mobile-web-app-capable" content="yes"> is deprecated. Please include <meta name="mobile-web-app-capable" content="yes"> @ http://localhost:3002/zh:0
[   48361ms] [ERROR] Failed to load resource: the server responded with a status of 404 (Not Found) @ http://localhost:3002/manifest.json:0
[   48369ms] [ERROR] Manifest fetch from http://localhost:3002/manifest.json failed, code 404 @ http://localhost:3002/zh:0
[   48582ms] [WARNING] <meta name="apple-mobile-web-app-capable" content="yes"> is deprecated. Please include <meta name="mobile-web-app-capable" content="yes"> @ http://localhost:3002/zh:0
[   48601ms] [ERROR] Failed to load resource: the server responded with a status of 404 (Not Found) @ http://localhost:3002/manifest.json:0
[   48619ms] [ERROR] Manifest fetch from http://localhost:3002/manifest.json failed, code 404 @ http://localhost:3002/zh:0
[   48787ms] [WARNING] <meta name="apple-mobile-web-app-capable" content="yes"> is deprecated. Please include <meta name="mobile-web-app-capable" content="yes"> @ http://localhost:3002/zh:0
[   48809ms] [ERROR] Failed to load resource: the server responded with a status of 404 (Not Found) @ http://localhost:3002/manifest.json:0
[   48815ms] [ERROR] Manifest fetch from http://localhost:3002/manifest.json failed, code 404 @ http://localhost:3002/zh:0
[   48954ms] [WARNING] <meta name="apple-mobile-web-app-capable" content="yes"> is deprecated. Please include <meta name="mobile-web-app-capable" content="yes"> @ http://localhost:3002/zh:0
[   48977ms] [ERROR] Failed to load resource: the server responded with a status of 404 (Not Found) @ http://localhost:3002/manifest.json:0
[   48984ms] [ERROR] Manifest fetch from http://localhost:3002/manifest.json failed, code 404 @ http://localhost:3002/zh:0
[   49129ms] [WARNING] <meta name="apple-mobile-web-app-capable" content="yes"> is deprecated. Please include <meta name="mobile-web-app-capable" content="yes"> @ http://localhost:3002/zh:0
[   49152ms] [ERROR] Failed to load resource: the server responded with a status of 404 (Not Found) @ http://localhost:3002/manifest.json:0
[   49158ms] [ERROR] Manifest fetch from http://localhost:3002/manifest.json failed, code 404 @ http://localhost:3002/zh:0
[   49313ms] [WARNING] <meta name="apple-mobile-web-app-capable" content="yes"> is deprecated. Please include <meta name="mobile-web-app-capable" content="yes"> @ http://localhost:3002/zh:0
[   49342ms] [ERROR] Failed to load resource: the server responded with a status of 404 (Not Found) @ http://localhost:3002/manifest.json:0
[   49347ms] [ERROR] Manifest fetch from http://localhost:3002/manifest.json failed, code 404 @ http://localhost:3002/zh:0
[   49489ms] [WARNING] <meta name="apple-mobile-web-app-capable" content="yes"> is deprecated. Please include <meta name="mobile-web-app-capable" content="yes"> @ http://localhost:3002/zh:0
[   49508ms] [ERROR] Failed to load resource: the server responded with a status of 404 (Not Found) @ http://localhost:3002/manifest.json:0
[   49514ms] [ERROR] Manifest fetch from http://localhost:3002/manifest.json failed, code 404 @ http://localhost:3002/zh:0
[   49637ms] [WARNING] <meta name="apple-mobile-web-app-capable" content="yes"> is deprecated. Please include <meta name="mobile-web-app-capable" content="yes"> @ http://localhost:3002/zh:0
[   49652ms] [ERROR] Failed to load resource: the server responded with a status of 404 (Not Found) @ http://localhost:3002/manifest.json:0
[   49658ms] [ERROR] Manifest fetch from http://localhost:3002/manifest.json failed, code 404 @ http://localhost:3002/zh:0
[   49770ms] [WARNING] <meta name="apple-mobile-web-app-capable" content="yes"> is deprecated. Please include <meta name="mobile-web-app-capable" content="yes"> @ http://localhost:3002/zh:0
[   49788ms] [ERROR] Failed to load resource: the server responded with a status of 404 (Not Found) @ http://localhost:3002/manifest.json:0
[   49793ms] [ERROR] Manifest fetch from http://localhost:3002/manifest.json failed, code 404 @ http://localhost:3002/zh:0
[   49942ms] [WARNING] <meta name="apple-mobile-web-app-capable" content="yes"> is deprecated. Please include <meta name="mobile-web-app-capable" content="yes"> @ http://localhost:3002/zh:0
[   49959ms] [ERROR] Failed to load resource: the server responded with a status of 404 (Not Found) @ http://localhost:3002/manifest.json:0
[   49968ms] [ERROR] Manifest fetch from http://localhost:3002/manifest.json failed, code 404 @ http://localhost:3002/zh:0
[   50095ms] [WARNING] <meta name="apple-mobile-web-app-capable" content="yes"> is deprecated. Please include <meta name="mobile-web-app-capable" content="yes"> @ http://localhost:3002/zh:0
[   50123ms] [ERROR] Failed to load resource: the server responded with a status of 404 (Not Found) @ http://localhost:3002/manifest.json:0
[   50129ms] [ERROR] Manifest fetch from http://localhost:3002/manifest.json failed, code 404 @ http://localhost:3002/zh:0
[   50246ms] [WARNING] <meta name="apple-mobile-web-app-capable" content="yes"> is deprecated. Please include <meta name="mobile-web-app-capable" content="yes"> @ http://localhost:3002/zh:0
[   50263ms] [ERROR] Failed to load resource: the server responded with a status of 404 (Not Found) @ http://localhost:3002/manifest.json:0
[   50272ms] [ERROR] Manifest fetch from http://localhost:3002/manifest.json failed, code 404 @ http://localhost:3002/zh:0
[   50404ms] [WARNING] <meta name="apple-mobile-web-app-capable" content="yes"> is deprecated. Please include <meta name="mobile-web-app-capable" content="yes"> @ http://localhost:3002/zh:0
[   50418ms] [ERROR] Failed to load resource: the server responded with a status of 404 (Not Found) @ http://localhost:3002/manifest.json:0
[   50423ms] [ERROR] Manifest fetch from http://localhost:3002/manifest.json failed, code 404 @ http://localhost:3002/zh:0
[   50572ms] [WARNING] <meta name="apple-mobile-web-app-capable" content="yes"> is deprecated. Please include <meta name="mobile-web-app-capable" content="yes"> @ http://localhost:3002/zh:0
[   50590ms] [ERROR] Failed to load resource: the server responded with a status of 404 (Not Found) @ http://localhost:3002/manifest.json:0
[   50594ms] [ERROR] Manifest fetch from http://localhost:3002/manifest.json failed, code 404 @ http://localhost:3002/zh:0
[   50742ms] [WARNING] <meta name="apple-mobile-web-app-capable" content="yes"> is deprecated. Please include <meta name="mobile-web-app-capable" content="yes"> @ http://localhost:3002/zh:0
[   50760ms] [ERROR] Failed to load resource: the server responded with a status of 404 (Not Found) @ http://localhost:3002/manifest.json:0
[   50764ms] [ERROR] Manifest fetch from http://localhost:3002/manifest.json failed, code 404 @ http://localhost:3002/zh:0
[   50928ms] [WARNING] <meta name="apple-mobile-web-app-capable" content="yes"> is deprecated. Please include <meta name="mobile-web-app-capable" content="yes"> @ http://localhost:3002/zh:0
[   50949ms] [ERROR] Failed to load resource: the server responded with a status of 404 (Not Found) @ http://localhost:3002/manifest.json:0
[   50958ms] [ERROR] Manifest fetch from http://localhost:3002/manifest.json failed, code 404 @ http://localhost:3002/zh:0
[   51088ms] [WARNING] <meta name="apple-mobile-web-app-capable" content="yes"> is deprecated. Please include <meta name="mobile-web-app-capable" content="yes"> @ http://localhost:3002/zh:0
[   51107ms] [ERROR] Failed to load resource: the server responded with a status of 404 (Not Found) @ http://localhost:3002/manifest.json:0
[   51111ms] [ERROR] Manifest fetch from http://localhost:3002/manifest.json failed, code 404 @ http://localhost:3002/zh:0
[   51270ms] [WARNING] <meta name="apple-mobile-web-app-capable" content="yes"> is deprecated. Please include <meta name="mobile-web-app-capable" content="yes"> @ http://localhost:3002/zh:0
[   51286ms] [ERROR] Failed to load resource: the server responded with a status of 404 (Not Found) @ http://localhost:3002/manifest.json:0
[   51290ms] [ERROR] Manifest fetch from http://localhost:3002/manifest.json failed, code 404 @ http://localhost:3002/zh:0
[   51538ms] [WARNING] <meta name="apple-mobile-web-app-capable" content="yes"> is deprecated. Please include <meta name="mobile-web-app-capable" content="yes"> @ http://localhost:3002/zh:0
[   51552ms] [ERROR] Failed to load resource: the server responded with a status of 404 (Not Found) @ http://localhost:3002/manifest.json:0
[   51556ms] [ERROR] Manifest fetch from http://localhost:3002/manifest.json failed, code 404 @ http://localhost:3002/zh:0
[   51693ms] [WARNING] <meta name="apple-mobile-web-app-capable" content="yes"> is deprecated. Please include <meta name="mobile-web-app-capable" content="yes"> @ http://localhost:3002/zh:0
[   51716ms] [ERROR] Failed to load resource: the server responded with a status of 404 (Not Found) @ http://localhost:3002/manifest.json:0
[   51724ms] [ERROR] Manifest fetch from http://localhost:3002/manifest.json failed, code 404 @ http://localhost:3002/zh:0
[   51877ms] [WARNING] <meta name="apple-mobile-web-app-capable" content="yes"> is deprecated. Please include <meta name="mobile-web-app-capable" content="yes"> @ http://localhost:3002/zh:0
[   51897ms] [ERROR] Failed to load resource: the server responded with a status of 404 (Not Found) @ http://localhost:3002/manifest.json:0
[   51902ms] [ERROR] Manifest fetch from http://localhost:3002/manifest.json failed, code 404 @ http://localhost:3002/zh:0
[   52071ms] [WARNING] <meta name="apple-mobile-web-app-capable" content="yes"> is deprecated. Please include <meta name="mobile-web-app-capable" content="yes"> @ http://localhost:3002/zh:0
[   52089ms] [ERROR] Failed to load resource: the server responded with a status of 404 (Not Found) @ http://localhost:3002/manifest.json:0
[   52093ms] [ERROR] Manifest fetch from http://localhost:3002/manifest.json failed, code 404 @ http://localhost:3002/zh:0
[   52239ms] [WARNING] <meta name="apple-mobile-web-app-capable" content="yes"> is deprecated. Please include <meta name="mobile-web-app-capable" content="yes"> @ http://localhost:3002/zh:0
[   52257ms] [ERROR] Failed to load resource: the server responded with a status of 404 (Not Found) @ http://localhost:3002/manifest.json:0
[   52262ms] [ERROR] Manifest fetch from http://localhost:3002/manifest.json failed, code 404 @ http://localhost:3002/zh:0
[   52495ms] [WARNING] <meta name="apple-mobile-web-app-capable" content="yes"> is deprecated. Please include <meta name="mobile-web-app-capable" content="yes"> @ http://localhost:3002/zh:0
[   52696ms] [ERROR] Failed to load resource: the server responded with a status of 404 (Not Found) @ http://localhost:3002/manifest.json:0
[   52720ms] [ERROR] Manifest fetch from http://localhost:3002/manifest.json failed, code 404 @ http://localhost:3002/zh:0
[   52806ms] [WARNING] <meta name="apple-mobile-web-app-capable" content="yes"> is deprecated. Please include <meta name="mobile-web-app-capable" content="yes"> @ http://localhost:3002/zh:0
[   52827ms] [ERROR] Failed to load resource: the server responded with a status of 404 (Not Found) @ http://localhost:3002/manifest.json:0
[   52832ms] [ERROR] Manifest fetch from http://localhost:3002/manifest.json failed, code 404 @ http://localhost:3002/zh:0
[   52995ms] [WARNING] <meta name="apple-mobile-web-app-capable" content="yes"> is deprecated. Please include <meta name="mobile-web-app-capable" content="yes"> @ http://localhost:3002/zh:0
[   53013ms] [ERROR] Failed to load resource: the server responded with a status of 404 (Not Found) @ http://localhost:3002/manifest.json:0
[   53017ms] [ERROR] Manifest fetch from http://localhost:3002/manifest.json failed, code 404 @ http://localhost:3002/zh:0
[   53171ms] [WARNING] <meta name="apple-mobile-web-app-capable" content="yes"> is deprecated. Please include <meta name="mobile-web-app-capable" content="yes"> @ http://localhost:3002/zh:0
[   53185ms] [ERROR] Failed to load resource: the server responded with a status of 404 (Not Found) @ http://localhost:3002/manifest.json:0
[   53189ms] [ERROR] Manifest fetch from http://localhost:3002/manifest.json failed, code 404 @ http://localhost:3002/zh:0
[   53356ms] [WARNING] <meta name="apple-mobile-web-app-capable" content="yes"> is deprecated. Please include <meta name="mobile-web-app-capable" content="yes"> @ http://localhost:3002/zh:0
[   53379ms] [ERROR] Failed to load resource: the server responded with a status of 404 (Not Found) @ http://localhost:3002/manifest.json:0
[   53383ms] [ERROR] Manifest fetch from http://localhost:3002/manifest.json failed, code 404 @ http://localhost:3002/zh:0
[   53525ms] [WARNING] <meta name="apple-mobile-web-app-capable" content="yes"> is deprecated. Please include <meta name="mobile-web-app-capable" content="yes"> @ http://localhost:3002/zh:0
[   53542ms] [ERROR] Failed to load resource: the server responded with a status of 404 (Not Found) @ http://localhost:3002/manifest.json:0
[   53545ms] [ERROR] Manifest fetch from http://localhost:3002/manifest.json failed, code 404 @ http://localhost:3002/zh:0
[   53704ms] [WARNING] <meta name="apple-mobile-web-app-capable" content="yes"> is deprecated. Please include <meta name="mobile-web-app-capable" content="yes"> @ http://localhost:3002/zh:0
[   53719ms] [ERROR] Failed to load resource: the server responded with a status of 404 (Not Found) @ http://localhost:3002/manifest.json:0
[   53723ms] [ERROR] Manifest fetch from http://localhost:3002/manifest.json failed, code 404 @ http://localhost:3002/zh:0
[   53871ms] [WARNING] <meta name="apple-mobile-web-app-capable" content="yes"> is deprecated. Please include <meta name="mobile-web-app-capable" content="yes"> @ http://localhost:3002/zh:0
[   53886ms] [ERROR] Failed to load resource: the server responded with a status of 404 (Not Found) @ http://localhost:3002/manifest.json:0
[   53890ms] [ERROR] Manifest fetch from http://localhost:3002/manifest.json failed, code 404 @ http://localhost:3002/zh:0
[   54022ms] [WARNING] <meta name="apple-mobile-web-app-capable" content="yes"> is deprecated. Please include <meta name="mobile-web-app-capable" content="yes"> @ http://localhost:3002/zh:0
[   54044ms] [ERROR] Failed to load resource: the server responded with a status of 404 (Not Found) @ http://localhost:3002/manifest.json:0
[   54049ms] [ERROR] Manifest fetch from http://localhost:3002/manifest.json failed, code 404 @ http://localhost:3002/zh:0
[   54208ms] [WARNING] <meta name="apple-mobile-web-app-capable" content="yes"> is deprecated. Please include <meta name="mobile-web-app-capable" content="yes"> @ http://localhost:3002/zh:0
[   54225ms] [ERROR] Failed to load resource: the server responded with a status of 404 (Not Found) @ http://localhost:3002/manifest.json:0
[   54229ms] [ERROR] Manifest fetch from http://localhost:3002/manifest.json failed, code 404 @ http://localhost:3002/zh:0
[   54373ms] [WARNING] <meta name="apple-mobile-web-app-capable" content="yes"> is deprecated. Please include <meta name="mobile-web-app-capable" content="yes"> @ http://localhost:3002/zh:0
[   54393ms] [ERROR] Failed to load resource: the server responded with a status of 404 (Not Found) @ http://localhost:3002/manifest.json:0
[   54397ms] [ERROR] Manifest fetch from http://localhost:3002/manifest.json failed, code 404 @ http://localhost:3002/zh:0
[   54557ms] [WARNING] <meta name="apple-mobile-web-app-capable" content="yes"> is deprecated. Please include <meta name="mobile-web-app-capable" content="yes"> @ http://localhost:3002/zh:0
[   54576ms] [ERROR] Failed to load resource: the server responded with a status of 404 (Not Found) @ http://localhost:3002/manifest.json:0
[   54581ms] [ERROR] Manifest fetch from http://localhost:3002/manifest.json failed, code 404 @ http://localhost:3002/zh:0
[   54729ms] [WARNING] <meta name="apple-mobile-web-app-capable" content="yes"> is deprecated. Please include <meta name="mobile-web-app-capable" content="yes"> @ http://localhost:3002/zh:0
[   54747ms] [ERROR] Failed to load resource: the server responded with a status of 404 (Not Found) @ http://localhost:3002/manifest.json:0
[   54754ms] [ERROR] Manifest fetch from http://localhost:3002/manifest.json failed, code 404 @ http://localhost:3002/zh:0
[   54888ms] [WARNING] <meta name="apple-mobile-web-app-capable" content="yes"> is deprecated. Please include <meta name="mobile-web-app-capable" content="yes"> @ http://localhost:3002/zh:0
[   54904ms] [ERROR] Failed to load resource: the server responded with a status of 404 (Not Found) @ http://localhost:3002/manifest.json:0
[   54911ms] [ERROR] Manifest fetch from http://localhost:3002/manifest.json failed, code 404 @ http://localhost:3002/zh:0
[   55025ms] [WARNING] <meta name="apple-mobile-web-app-capable" content="yes"> is deprecated. Please include <meta name="mobile-web-app-capable" content="yes"> @ http://localhost:3002/zh:0
[   55044ms] [ERROR] Failed to load resource: the server responded with a status of 404 (Not Found) @ http://localhost:3002/manifest.json:0
[   55048ms] [ERROR] Manifest fetch from http://localhost:3002/manifest.json failed, code 404 @ http://localhost:3002/zh:0
[   55170ms] [WARNING] <meta name="apple-mobile-web-app-capable" content="yes"> is deprecated. Please include <meta name="mobile-web-app-capable" content="yes"> @ http://localhost:3002/zh:0
[   55190ms] [ERROR] Failed to load resource: the server responded with a status of 404 (Not Found) @ http://localhost:3002/manifest.json:0
[   55194ms] [ERROR] Manifest fetch from http://localhost:3002/manifest.json failed, code 404 @ http://localhost:3002/zh:0
[   55330ms] [WARNING] <meta name="apple-mobile-web-app-capable" content="yes"> is deprecated. Please include <meta name="mobile-web-app-capable" content="yes"> @ http://localhost:3002/zh:0
[   55346ms] [ERROR] Failed to load resource: the server responded with a status of 404 (Not Found) @ http://localhost:3002/manifest.json:0
[   55350ms] [ERROR] Manifest fetch from http://localhost:3002/manifest.json failed, code 404 @ http://localhost:3002/zh:0
[   55487ms] [WARNING] <meta name="apple-mobile-web-app-capable" content="yes"> is deprecated. Please include <meta name="mobile-web-app-capable" content="yes"> @ http://localhost:3002/zh:0
[   55507ms] [ERROR] Failed to load resource: the server responded with a status of 404 (Not Found) @ http://localhost:3002/manifest.json:0
[   55511ms] [ERROR] Manifest fetch from http://localhost:3002/manifest.json failed, code 404 @ http://localhost:3002/zh:0
[   55672ms] [WARNING] <meta name="apple-mobile-web-app-capable" content="yes"> is deprecated. Please include <meta name="mobile-web-app-capable" content="yes"> @ http://localhost:3002/zh:0
[   55695ms] [ERROR] Failed to load resource: the server responded with a status of 404 (Not Found) @ http://localhost:3002/manifest.json:0
[   55699ms] [ERROR] Manifest fetch from http://localhost:3002/manifest.json failed, code 404 @ http://localhost:3002/zh:0
[   55824ms] [WARNING] <meta name="apple-mobile-web-app-capable" content="yes"> is deprecated. Please include <meta name="mobile-web-app-capable" content="yes"> @ http://localhost:3002/zh:0
[   55847ms] [ERROR] Failed to load resource: the server responded with a status of 404 (Not Found) @ http://localhost:3002/manifest.json:0
[   55852ms] [ERROR] Manifest fetch from http://localhost:3002/manifest.json failed, code 404 @ http://localhost:3002/zh:0
[   55979ms] [WARNING] <meta name="apple-mobile-web-app-capable" content="yes"> is deprecated. Please include <meta name="mobile-web-app-capable" content="yes"> @ http://localhost:3002/zh:0
[   55995ms] [ERROR] Failed to load resource: the server responded with a status of 404 (Not Found) @ http://localhost:3002/manifest.json:0
[   55999ms] [ERROR] Manifest fetch from http://localhost:3002/manifest.json failed, code 404 @ http://localhost:3002/zh:0
[   56156ms] [WARNING] <meta name="apple-mobile-web-app-capable" content="yes"> is deprecated. Please include <meta name="mobile-web-app-capable" content="yes"> @ http://localhost:3002/zh:0
[   56176ms] [ERROR] Failed to load resource: the server responded with a status of 404 (Not Found) @ http://localhost:3002/manifest.json:0
[   56181ms] [ERROR] Manifest fetch from http://localhost:3002/manifest.json failed, code 404 @ http://localhost:3002/zh:0
[   56413ms] [WARNING] <meta name="apple-mobile-web-app-capable" content="yes"> is deprecated. Please include <meta name="mobile-web-app-capable" content="yes"> @ http://localhost:3002/zh:0
[   56464ms] [ERROR] Failed to load resource: the server responded with a status of 404 (Not Found) @ http://localhost:3002/manifest.json:0
[   56486ms] [ERROR] Manifest fetch from http://localhost:3002/manifest.json failed, code 404 @ http://localhost:3002/zh:0
[   56627ms] [WARNING] <meta name="apple-mobile-web-app-capable" content="yes"> is deprecated. Please include <meta name="mobile-web-app-capable" content="yes"> @ http://localhost:3002/zh:0
[   56644ms] [ERROR] Failed to load resource: the server responded with a status of 404 (Not Found) @ http://localhost:3002/manifest.json:0
[   56650ms] [ERROR] Manifest fetch from http://localhost:3002/manifest.json failed, code 404 @ http://localhost:3002/zh:0
[   56770ms] [WARNING] <meta name="apple-mobile-web-app-capable" content="yes"> is deprecated. Please include <meta name="mobile-web-app-capable" content="yes"> @ http://localhost:3002/zh:0
[   56786ms] [ERROR] Failed to load resource: the server responded with a status of 404 (Not Found) @ http://localhost:3002/manifest.json:0
[   56790ms] [ERROR] Manifest fetch from http://localhost:3002/manifest.json failed, code 404 @ http://localhost:3002/zh:0
[   56981ms] [WARNING] <meta name="apple-mobile-web-app-capable" content="yes"> is deprecated. Please include <meta name="mobile-web-app-capable" content="yes"> @ http://localhost:3002/zh:0
[   56998ms] [ERROR] Failed to load resource: the server responded with a status of 404 (Not Found) @ http://localhost:3002/manifest.json:0
[   57009ms] [ERROR] Manifest fetch from http://localhost:3002/manifest.json failed, code 404 @ http://localhost:3002/zh:0
[   57171ms] [WARNING] <meta name="apple-mobile-web-app-capable" content="yes"> is deprecated. Please include <meta name="mobile-web-app-capable" content="yes"> @ http://localhost:3002/zh:0
[   57185ms] [ERROR] Failed to load resource: the server responded with a status of 404 (Not Found) @ http://localhost:3002/manifest.json:0
[   57189ms] [ERROR] Manifest fetch from http://localhost:3002/manifest.json failed, code 404 @ http://localhost:3002/zh:0
[   57340ms] [WARNING] <meta name="apple-mobile-web-app-capable" content="yes"> is deprecated. Please include <meta name="mobile-web-app-capable" content="yes"> @ http://localhost:3002/zh:0
[   57360ms] [ERROR] Failed to load resource: the server responded with a status of 404 (Not Found) @ http://localhost:3002/manifest.json:0
[   57363ms] [ERROR] Manifest fetch from http://localhost:3002/manifest.json failed, code 404 @ http://localhost:3002/zh:0
[   57553ms] [WARNING] <meta name="apple-mobile-web-app-capable" content="yes"> is deprecated. Please include <meta name="mobile-web-app-capable" content="yes"> @ http://localhost:3002/zh:0
[   57570ms] [ERROR] Failed to load resource: the server responded with a status of 404 (Not Found) @ http://localhost:3002/manifest.json:0
[   57574ms] [ERROR] Manifest fetch from http://localhost:3002/manifest.json failed, code 404 @ http://localhost:3002/zh:0
[   57700ms] [WARNING] <meta name="apple-mobile-web-app-capable" content="yes"> is deprecated. Please include <meta name="mobile-web-app-capable" content="yes"> @ http://localhost:3002/zh:0
[   57719ms] [ERROR] Failed to load resource: the server responded with a status of 404 (Not Found) @ http://localhost:3002/manifest.json:0
[   57723ms] [ERROR] Manifest fetch from http://localhost:3002/manifest.json failed, code 404 @ http://localhost:3002/zh:0
[   57884ms] [WARNING] <meta name="apple-mobile-web-app-capable" content="yes"> is deprecated. Please include <meta name="mobile-web-app-capable" content="yes"> @ http://localhost:3002/zh:0
[   57899ms] [ERROR] Failed to load resource: the server responded with a status of 404 (Not Found) @ http://localhost:3002/manifest.json:0
[   57903ms] [ERROR] Manifest fetch from http://localhost:3002/manifest.json failed, code 404 @ http://localhost:3002/zh:0
[   58046ms] [WARNING] <meta name="apple-mobile-web-app-capable" content="yes"> is deprecated. Please include <meta name="mobile-web-app-capable" content="yes"> @ http://localhost:3002/zh:0
[   58065ms] [ERROR] Failed to load resource: the server responded with a status of 404 (Not Found) @ http://localhost:3002/manifest.json:0
[   58071ms] [ERROR] Manifest fetch from http://localhost:3002/manifest.json failed, code 404 @ http://localhost:3002/zh:0
[   58196ms] [WARNING] <meta name="apple-mobile-web-app-capable" content="yes"> is deprecated. Please include <meta name="mobile-web-app-capable" content="yes"> @ http://localhost:3002/zh:0
[   58214ms] [ERROR] Failed to load resource: the server responded with a status of 404 (Not Found) @ http://localhost:3002/manifest.json:0
[   58219ms] [ERROR] Manifest fetch from http://localhost:3002/manifest.json failed, code 404 @ http://localhost:3002/zh:0
[   58344ms] [WARNING] <meta name="apple-mobile-web-app-capable" content="yes"> is deprecated. Please include <meta name="mobile-web-app-capable" content="yes"> @ http://localhost:3002/zh:0
[   58364ms] [ERROR] Failed to load resource: the server responded with a status of 404 (Not Found) @ http://localhost:3002/manifest.json:0
[   58370ms] [ERROR] Manifest fetch from http://localhost:3002/manifest.json failed, code 404 @ http://localhost:3002/zh:0
[   58505ms] [WARNING] <meta name="apple-mobile-web-app-capable" content="yes"> is deprecated. Please include <meta name="mobile-web-app-capable" content="yes"> @ http://localhost:3002/zh:0
[   58520ms] [ERROR] Failed to load resource: the server responded with a status of 404 (Not Found) @ http://localhost:3002/manifest.json:0
[   58525ms] [ERROR] Manifest fetch from http://localhost:3002/manifest.json failed, code 404 @ http://localhost:3002/zh:0
[   58659ms] [WARNING] <meta name="apple-mobile-web-app-capable" content="yes"> is deprecated. Please include <meta name="mobile-web-app-capable" content="yes"> @ http://localhost:3002/zh:0
[   58677ms] [ERROR] Failed to load resource: the server responded with a status of 404 (Not Found) @ http://localhost:3002/manifest.json:0
[   58681ms] [ERROR] Manifest fetch from http://localhost:3002/manifest.json failed, code 404 @ http://localhost:3002/zh:0
[   58792ms] [WARNING] <meta name="apple-mobile-web-app-capable" content="yes"> is deprecated. Please include <meta name="mobile-web-app-capable" content="yes"> @ http://localhost:3002/zh:0
[   58810ms] [ERROR] Failed to load resource: the server responded with a status of 404 (Not Found) @ http://localhost:3002/manifest.json:0
[   58816ms] [ERROR] Manifest fetch from http://localhost:3002/manifest.json failed, code 404 @ http://localhost:3002/zh:0
[   58961ms] [WARNING] <meta name="apple-mobile-web-app-capable" content="yes"> is deprecated. Please include <meta name="mobile-web-app-capable" content="yes"> @ http://localhost:3002/zh:0
[   58979ms] [ERROR] Failed to load resource: the server responded with a status of 404 (Not Found) @ http://localhost:3002/manifest.json:0
[   58983ms] [ERROR] Manifest fetch from http://localhost:3002/manifest.json failed, code 404 @ http://localhost:3002/zh:0
[   59138ms] [WARNING] <meta name="apple-mobile-web-app-capable" content="yes"> is deprecated. Please include <meta name="mobile-web-app-capable" content="yes"> @ http://localhost:3002/zh:0
[   59157ms] [ERROR] Failed to load resource: the server responded with a status of 404 (Not Found) @ http://localhost:3002/manifest.json:0
[   59161ms] [ERROR] Manifest fetch from http://localhost:3002/manifest.json failed, code 404 @ http://localhost:3002/zh:0
[   59319ms] [WARNING] <meta name="apple-mobile-web-app-capable" content="yes"> is deprecated. Please include <meta name="mobile-web-app-capable" content="yes"> @ http://localhost:3002/zh:0
[   59343ms] [ERROR] Failed to load resource: the server responded with a status of 404 (Not Found) @ http://localhost:3002/manifest.json:0
[   59350ms] [ERROR] Manifest fetch from http://localhost:3002/manifest.json failed, code 404 @ http://localhost:3002/zh:0
[   59510ms] [WARNING] <meta name="apple-mobile-web-app-capable" content="yes"> is deprecated. Please include <meta name="mobile-web-app-capable" content="yes"> @ http://localhost:3002/zh:0
[   59538ms] [ERROR] Failed to load resource: the server responded with a status of 404 (Not Found) @ http://localhost:3002/manifest.json:0
[   59543ms] [ERROR] Manifest fetch from http://localhost:3002/manifest.json failed, code 404 @ http://localhost:3002/zh:0
[   59687ms] [WARNING] <meta name="apple-mobile-web-app-capable" content="yes"> is deprecated. Please include <meta name="mobile-web-app-capable" content="yes"> @ http://localhost:3002/zh:0
[   59700ms] [ERROR] Failed to load resource: the server responded with a status of 404 (Not Found) @ http://localhost:3002/manifest.json:0
[   59705ms] [ERROR] Manifest fetch from http://localhost:3002/manifest.json failed, code 404 @ http://localhost:3002/zh:0
[   59837ms] [WARNING] <meta name="apple-mobile-web-app-capable" content="yes"> is deprecated. Please include <meta name="mobile-web-app-capable" content="yes"> @ http://localhost:3002/zh:0
[   59851ms] [ERROR] Failed to load resource: the server responded with a status of 404 (Not Found) @ http://localhost:3002/manifest.json:0
[   59855ms] [ERROR] Manifest fetch from http://localhost:3002/manifest.json failed, code 404 @ http://localhost:3002/zh:0
[   60003ms] [WARNING] <meta name="apple-mobile-web-app-capable" content="yes"> is deprecated. Please include <meta name="mobile-web-app-capable" content="yes"> @ http://localhost:3002/zh:0
[   60020ms] [ERROR] Failed to load resource: the server responded with a status of 404 (Not Found) @ http://localhost:3002/manifest.json:0
[   60027ms] [ERROR] Manifest fetch from http://localhost:3002/manifest.json failed, code 404 @ http://localhost:3002/zh:0
[   60188ms] [WARNING] <meta name="apple-mobile-web-app-capable" content="yes"> is deprecated. Please include <meta name="mobile-web-app-capable" content="yes"> @ http://localhost:3002/zh:0
[   60204ms] [ERROR] Failed to load resource: the server responded with a status of 404 (Not Found) @ http://localhost:3002/manifest.json:0
[   60209ms] [ERROR] Manifest fetch from http://localhost:3002/manifest.json failed, code 404 @ http://localhost:3002/zh:0
[   60368ms] [WARNING] <meta name="apple-mobile-web-app-capable" content="yes"> is deprecated. Please include <meta name="mobile-web-app-capable" content="yes"> @ http://localhost:3002/zh:0
[   60386ms] [ERROR] Failed to load resource: the server responded with a status of 404 (Not Found) @ http://localhost:3002/manifest.json:0
[   60391ms] [ERROR] Manifest fetch from http://localhost:3002/manifest.json failed, code 404 @ http://localhost:3002/zh:0
[   60531ms] [WARNING] <meta name="apple-mobile-web-app-capable" content="yes"> is deprecated. Please include <meta name="mobile-web-app-capable" content="yes"> @ http://localhost:3002/zh:0
[   60548ms] [ERROR] Failed to load resource: the server responded with a status of 404 (Not Found) @ http://localhost:3002/manifest.json:0
[   60553ms] [ERROR] Manifest fetch from http://localhost:3002/manifest.json failed, code 404 @ http://localhost:3002/zh:0
[   60738ms] [WARNING] <meta name="apple-mobile-web-app-capable" content="yes"> is deprecated. Please include <meta name="mobile-web-app-capable" content="yes"> @ http://localhost:3002/zh:0
[   60762ms] [ERROR] Failed to load resource: the server responded with a status of 404 (Not Found) @ http://localhost:3002/manifest.json:0
[   60765ms] [ERROR] Manifest fetch from http://localhost:3002/manifest.json failed, code 404 @ http://localhost:3002/zh:0
[   60955ms] [WARNING] <meta name="apple-mobile-web-app-capable" content="yes"> is deprecated. Please include <meta name="mobile-web-app-capable" content="yes"> @ http://localhost:3002/zh:0
[   60986ms] [ERROR] Failed to load resource: the server responded with a status of 404 (Not Found) @ http://localhost:3002/manifest.json:0
[   61033ms] [ERROR] Manifest fetch from http://localhost:3002/manifest.json failed, code 404 @ http://localhost:3002/zh:0
[   61318ms] [WARNING] <meta name="apple-mobile-web-app-capable" content="yes"> is deprecated. Please include <meta name="mobile-web-app-capable" content="yes"> @ http://localhost:3002/zh:0
[   61444ms] [ERROR] Failed to load resource: the server responded with a status of 404 (Not Found) @ http://localhost:3002/manifest.json:0
[   61635ms] [ERROR] Manifest fetch from http://localhost:3002/manifest.json failed, code 404 @ http://localhost:3002/zh:0
[   61678ms] [WARNING] <meta name="apple-mobile-web-app-capable" content="yes"> is deprecated. Please include <meta name="mobile-web-app-capable" content="yes"> @ http://localhost:3002/zh:0
[   61748ms] [ERROR] Failed to load resource: the server responded with a status of 404 (Not Found) @ http://localhost:3002/manifest.json:0
[   61762ms] [ERROR] Manifest fetch from http://localhost:3002/manifest.json failed, code 404 @ http://localhost:3002/zh:0
[   61796ms] [WARNING] <meta name="apple-mobile-web-app-capable" content="yes"> is deprecated. Please include <meta name="mobile-web-app-capable" content="yes"> @ http://localhost:3002/zh:0
[   61875ms] [ERROR] Failed to load resource: the server responded with a status of 404 (Not Found) @ http://localhost:3002/manifest.json:0
[   61933ms] [ERROR] Manifest fetch from http://localhost:3002/manifest.json failed, code 404 @ http://localhost:3002/zh:0
