[     550ms] [ERROR] Failed to load resource: the server responded with a status of 404 (Not Found) @ http://localhost:3000/manifest.json:0
[     602ms] [ERROR] Manifest fetch from http://localhost:3000/manifest.json failed, code 404 @ http://localhost:3000/zh:0
[    2161ms] [ERROR] Failed to load resource: the server responded with a status of 404 (Not Found) @ http://localhost:3000/manifest.json:0
[    2196ms] [ERROR] Manifest fetch from http://localhost:3000/manifest.json failed, code 404 @ http://localhost:3000/zh:0
[    2201ms] [WARNING] <meta name="apple-mobile-web-app-capable" content="yes"> is deprecated. Please include <meta name="mobile-web-app-capable" content="yes"> @ http://localhost:3000/zh:0
[    3327ms] [ERROR] Failed to load resource: the server responded with a status of 404 (Not Found) @ http://localhost:3000/manifest.json:0
[    3344ms] [ERROR] Manifest fetch from http://localhost:3000/manifest.json failed, code 404 @ http://localhost:3000/zh:0
[    3344ms] [WARNING] <meta name="apple-mobile-web-app-capable" content="yes"> is deprecated. Please include <meta name="mobile-web-app-capable" content="yes"> @ http://localhost:3000/zh:0
[    3800ms] [ERROR] Failed to load resource: the server responded with a status of 404 (Not Found) @ http://localhost:3000/manifest.json:0
[    3828ms] [ERROR] Manifest fetch from http://localhost:3000/manifest.json failed, code 404 @ http://localhost:3000/zh:0
[    3828ms] [WARNING] <meta name="apple-mobile-web-app-capable" content="yes"> is deprecated. Please include <meta name="mobile-web-app-capable" content="yes"> @ http://localhost:3000/zh:0
[    4394ms] [ERROR] Failed to load resource: the server responded with a status of 404 (Not Found) @ http://localhost:3000/manifest.json:0
[    4631ms] [ERROR] Manifest fetch from http://localhost:3000/manifest.json failed, code 404 @ http://localhost:3000/zh:0
[    4631ms] [WARNING] <meta name="apple-mobile-web-app-capable" content="yes"> is deprecated. Please include <meta name="mobile-web-app-capable" content="yes"> @ http://localhost:3000/zh:0
[    4902ms] [ERROR] Failed to load resource: the server responded with a status of 404 (Not Found) @ http://localhost:3000/manifest.json:0
[    4922ms] [ERROR] Manifest fetch from http://localhost:3000/manifest.json failed, code 404 @ http://localhost:3000/zh:0
[    4926ms] [WARNING] <meta name="apple-mobile-web-app-capable" content="yes"> is deprecated. Please include <meta name="mobile-web-app-capable" content="yes"> @ http://localhost:3000/zh:0
[    5588ms] [ERROR] Failed to load resource: the server responded with a status of 404 (Not Found) @ http://localhost:3000/manifest.json:0
[    5596ms] [ERROR] Manifest fetch from http://localhost:3000/manifest.json failed, code 404 @ http://localhost:3000/zh:0
[    5599ms] [WARNING] <meta name="apple-mobile-web-app-capable" content="yes"> is deprecated. Please include <meta name="mobile-web-app-capable" content="yes"> @ http://localhost:3000/zh:0
[    5919ms] [ERROR] Failed to load resource: the server responded with a status of 404 (Not Found) @ http://localhost:3000/manifest.json:0
[    5941ms] [ERROR] Manifest fetch from http://localhost:3000/manifest.json failed, code 404 @ http://localhost:3000/zh:0
[    5941ms] [WARNING] <meta name="apple-mobile-web-app-capable" content="yes"> is deprecated. Please include <meta name="mobile-web-app-capable" content="yes"> @ http://localhost:3000/zh:0
[    6209ms] [ERROR] Failed to load resource: the server responded with a status of 404 (Not Found) @ http://localhost:3000/manifest.json:0
[    6225ms] [ERROR] Manifest fetch from http://localhost:3000/manifest.json failed, code 404 @ http://localhost:3000/zh:0
[    6226ms] [WARNING] <meta name="apple-mobile-web-app-capable" content="yes"> is deprecated. Please include <meta name="mobile-web-app-capable" content="yes"> @ http://localhost:3000/zh:0
[    6478ms] [ERROR] Failed to load resource: the server responded with a status of 404 (Not Found) @ http://localhost:3000/manifest.json:0
[    6483ms] [ERROR] Manifest fetch from http://localhost:3000/manifest.json failed, code 404 @ http://localhost:3000/zh:0
[    6484ms] [WARNING] <meta name="apple-mobile-web-app-capable" content="yes"> is deprecated. Please include <meta name="mobile-web-app-capable" content="yes"> @ http://localhost:3000/zh:0
[    6785ms] [ERROR] Failed to load resource: the server responded with a status of 404 (Not Found) @ http://localhost:3000/manifest.json:0
[    6792ms] [ERROR] Manifest fetch from http://localhost:3000/manifest.json failed, code 404 @ http://localhost:3000/zh:0
[    6792ms] [WARNING] <meta name="apple-mobile-web-app-capable" content="yes"> is deprecated. Please include <meta name="mobile-web-app-capable" content="yes"> @ http://localhost:3000/zh:0
[    7227ms] [ERROR] Failed to load resource: the server responded with a status of 404 (Not Found) @ http://localhost:3000/manifest.json:0
[    7239ms] [ERROR] Manifest fetch from http://localhost:3000/manifest.json failed, code 404 @ http://localhost:3000/zh:0
[    7239ms] [WARNING] <meta name="apple-mobile-web-app-capable" content="yes"> is deprecated. Please include <meta name="mobile-web-app-capable" content="yes"> @ http://localhost:3000/zh:0
[    7683ms] [ERROR] Failed to load resource: the server responded with a status of 404 (Not Found) @ http://localhost:3000/manifest.json:0
[    7759ms] [ERROR] Manifest fetch from http://localhost:3000/manifest.json failed, code 404 @ http://localhost:3000/zh:0
[    7759ms] [WARNING] <meta name="apple-mobile-web-app-capable" content="yes"> is deprecated. Please include <meta name="mobile-web-app-capable" content="yes"> @ http://localhost:3000/zh:0
[    8035ms] [ERROR] Failed to load resource: the server responded with a status of 404 (Not Found) @ http://localhost:3000/manifest.json:0
[    8050ms] [ERROR] Manifest fetch from http://localhost:3000/manifest.json failed, code 404 @ http://localhost:3000/zh:0
[    8052ms] [WARNING] <meta name="apple-mobile-web-app-capable" content="yes"> is deprecated. Please include <meta name="mobile-web-app-capable" content="yes"> @ http://localhost:3000/zh:0
[    8303ms] [ERROR] Failed to load resource: the server responded with a status of 404 (Not Found) @ http://localhost:3000/manifest.json:0
[    8315ms] [ERROR] Manifest fetch from http://localhost:3000/manifest.json failed, code 404 @ http://localhost:3000/zh:0
[    8315ms] [WARNING] <meta name="apple-mobile-web-app-capable" content="yes"> is deprecated. Please include <meta name="mobile-web-app-capable" content="yes"> @ http://localhost:3000/zh:0
[    8597ms] [ERROR] Failed to load resource: the server responded with a status of 404 (Not Found) @ http://localhost:3000/manifest.json:0
[    8611ms] [ERROR] Manifest fetch from http://localhost:3000/manifest.json failed, code 404 @ http://localhost:3000/zh:0
[    8612ms] [WARNING] <meta name="apple-mobile-web-app-capable" content="yes"> is deprecated. Please include <meta name="mobile-web-app-capable" content="yes"> @ http://localhost:3000/zh:0
[    8881ms] [ERROR] Failed to load resource: the server responded with a status of 404 (Not Found) @ http://localhost:3000/manifest.json:0
[    8892ms] [ERROR] Manifest fetch from http://localhost:3000/manifest.json failed, code 404 @ http://localhost:3000/zh:0
[    8892ms] [WARNING] <meta name="apple-mobile-web-app-capable" content="yes"> is deprecated. Please include <meta name="mobile-web-app-capable" content="yes"> @ http://localhost:3000/zh:0
[    9161ms] [ERROR] Failed to load resource: the server responded with a status of 404 (Not Found) @ http://localhost:3000/manifest.json:0
[    9177ms] [ERROR] Manifest fetch from http://localhost:3000/manifest.json failed, code 404 @ http://localhost:3000/zh:0
[    9178ms] [WARNING] <meta name="apple-mobile-web-app-capable" content="yes"> is deprecated. Please include <meta name="mobile-web-app-capable" content="yes"> @ http://localhost:3000/zh:0
[    9427ms] [ERROR] Failed to load resource: the server responded with a status of 404 (Not Found) @ http://localhost:3000/manifest.json:0
[    9435ms] [ERROR] Manifest fetch from http://localhost:3000/manifest.json failed, code 404 @ http://localhost:3000/zh:0
[    9435ms] [WARNING] <meta name="apple-mobile-web-app-capable" content="yes"> is deprecated. Please include <meta name="mobile-web-app-capable" content="yes"> @ http://localhost:3000/zh:0
[    9882ms] [ERROR] Failed to load resource: the server responded with a status of 404 (Not Found) @ http://localhost:3000/manifest.json:0
[    9926ms] [ERROR] Manifest fetch from http://localhost:3000/manifest.json failed, code 404 @ http://localhost:3000/zh:0
[    9927ms] [WARNING] <meta name="apple-mobile-web-app-capable" content="yes"> is deprecated. Please include <meta name="mobile-web-app-capable" content="yes"> @ http://localhost:3000/zh:0
[   10186ms] [ERROR] Failed to load resource: the server responded with a status of 404 (Not Found) @ http://localhost:3000/manifest.json:0
[   10201ms] [ERROR] Manifest fetch from http://localhost:3000/manifest.json failed, code 404 @ http://localhost:3000/zh:0
[   10201ms] [WARNING] <meta name="apple-mobile-web-app-capable" content="yes"> is deprecated. Please include <meta name="mobile-web-app-capable" content="yes"> @ http://localhost:3000/zh:0
[   10565ms] [ERROR] Failed to load resource: the server responded with a status of 404 (Not Found) @ http://localhost:3000/manifest.json:0
[   10574ms] [ERROR] Manifest fetch from http://localhost:3000/manifest.json failed, code 404 @ http://localhost:3000/zh:0
[   10574ms] [WARNING] <meta name="apple-mobile-web-app-capable" content="yes"> is deprecated. Please include <meta name="mobile-web-app-capable" content="yes"> @ http://localhost:3000/zh:0
[   10855ms] [ERROR] Failed to load resource: the server responded with a status of 404 (Not Found) @ http://localhost:3000/manifest.json:0
[   10874ms] [ERROR] Manifest fetch from http://localhost:3000/manifest.json failed, code 404 @ http://localhost:3000/zh:0
[   10874ms] [WARNING] <meta name="apple-mobile-web-app-capable" content="yes"> is deprecated. Please include <meta name="mobile-web-app-capable" content="yes"> @ http://localhost:3000/zh:0
[   11225ms] [ERROR] Failed to load resource: the server responded with a status of 404 (Not Found) @ http://localhost:3000/manifest.json:0
[   11242ms] [ERROR] Manifest fetch from http://localhost:3000/manifest.json failed, code 404 @ http://localhost:3000/zh:0
[   11242ms] [WARNING] <meta name="apple-mobile-web-app-capable" content="yes"> is deprecated. Please include <meta name="mobile-web-app-capable" content="yes"> @ http://localhost:3000/zh:0
[   11572ms] [ERROR] Failed to load resource: the server responded with a status of 404 (Not Found) @ http://localhost:3000/manifest.json:0
[   11586ms] [ERROR] Manifest fetch from http://localhost:3000/manifest.json failed, code 404 @ http://localhost:3000/zh:0
[   11586ms] [WARNING] <meta name="apple-mobile-web-app-capable" content="yes"> is deprecated. Please include <meta name="mobile-web-app-capable" content="yes"> @ http://localhost:3000/zh:0
[   11859ms] [ERROR] Failed to load resource: the server responded with a status of 404 (Not Found) @ http://localhost:3000/manifest.json:0
[   11891ms] [ERROR] Manifest fetch from http://localhost:3000/manifest.json failed, code 404 @ http://localhost:3000/zh:0
[   11891ms] [WARNING] <meta name="apple-mobile-web-app-capable" content="yes"> is deprecated. Please include <meta name="mobile-web-app-capable" content="yes"> @ http://localhost:3000/zh:0
[   12170ms] [ERROR] Failed to load resource: the server responded with a status of 404 (Not Found) @ http://localhost:3000/manifest.json:0
[   12185ms] [ERROR] Manifest fetch from http://localhost:3000/manifest.json failed, code 404 @ http://localhost:3000/zh:0
[   12185ms] [WARNING] <meta name="apple-mobile-web-app-capable" content="yes"> is deprecated. Please include <meta name="mobile-web-app-capable" content="yes"> @ http://localhost:3000/zh:0
[   12388ms] [WARNING] <meta name="apple-mobile-web-app-capable" content="yes"> is deprecated. Please include <meta name="mobile-web-app-capable" content="yes"> @ http://localhost:3000/zh:0
[   12434ms] [ERROR] Failed to load resource: the server responded with a status of 404 (Not Found) @ http://localhost:3000/manifest.json:0
[   12557ms] [ERROR] Manifest fetch from http://localhost:3000/manifest.json failed, code 404 @ http://localhost:3000/zh:0
[   12751ms] [WARNING] <meta name="apple-mobile-web-app-capable" content="yes"> is deprecated. Please include <meta name="mobile-web-app-capable" content="yes"> @ http://localhost:3000/zh:0
[   12819ms] [ERROR] Failed to load resource: the server responded with a status of 404 (Not Found) @ http://localhost:3000/manifest.json:0
[   12877ms] [ERROR] Manifest fetch from http://localhost:3000/manifest.json failed, code 404 @ http://localhost:3000/zh:0
[   13039ms] [WARNING] <meta name="apple-mobile-web-app-capable" content="yes"> is deprecated. Please include <meta name="mobile-web-app-capable" content="yes"> @ http://localhost:3000/zh:0
[   13074ms] [ERROR] Failed to load resource: the server responded with a status of 404 (Not Found) @ http://localhost:3000/manifest.json:0
[   13085ms] [ERROR] Manifest fetch from http://localhost:3000/manifest.json failed, code 404 @ http://localhost:3000/zh:0
[   13323ms] [WARNING] <meta name="apple-mobile-web-app-capable" content="yes"> is deprecated. Please include <meta name="mobile-web-app-capable" content="yes"> @ http://localhost:3000/zh:0
[   13366ms] [ERROR] Failed to load resource: the server responded with a status of 404 (Not Found) @ http://localhost:3000/manifest.json:0
[   13384ms] [ERROR] Manifest fetch from http://localhost:3000/manifest.json failed, code 404 @ http://localhost:3000/zh:0
[   13625ms] [WARNING] <meta name="apple-mobile-web-app-capable" content="yes"> is deprecated. Please include <meta name="mobile-web-app-capable" content="yes"> @ http://localhost:3000/zh:0
[   13660ms] [ERROR] Failed to load resource: the server responded with a status of 404 (Not Found) @ http://localhost:3000/manifest.json:0
[   13668ms] [ERROR] Manifest fetch from http://localhost:3000/manifest.json failed, code 404 @ http://localhost:3000/zh:0
[   13942ms] [WARNING] <meta name="apple-mobile-web-app-capable" content="yes"> is deprecated. Please include <meta name="mobile-web-app-capable" content="yes"> @ http://localhost:3000/zh:0
[   13994ms] [ERROR] Failed to load resource: the server responded with a status of 404 (Not Found) @ http://localhost:3000/manifest.json:0
[   14068ms] [ERROR] Manifest fetch from http://localhost:3000/manifest.json failed, code 404 @ http://localhost:3000/zh:0
[   14325ms] [WARNING] <meta name="apple-mobile-web-app-capable" content="yes"> is deprecated. Please include <meta name="mobile-web-app-capable" content="yes"> @ http://localhost:3000/zh:0
[   14443ms] [ERROR] Failed to load resource: the server responded with a status of 404 (Not Found) @ http://localhost:3000/manifest.json:0
[   14486ms] [ERROR] Manifest fetch from http://localhost:3000/manifest.json failed, code 404 @ http://localhost:3000/zh:0
[   14774ms] [WARNING] <meta name="apple-mobile-web-app-capable" content="yes"> is deprecated. Please include <meta name="mobile-web-app-capable" content="yes"> @ http://localhost:3000/zh:0
[   14856ms] [ERROR] Failed to load resource: the server responded with a status of 404 (Not Found) @ http://localhost:3000/manifest.json:0
[   14902ms] [ERROR] Manifest fetch from http://localhost:3000/manifest.json failed, code 404 @ http://localhost:3000/zh:0
[   15032ms] [WARNING] <meta name="apple-mobile-web-app-capable" content="yes"> is deprecated. Please include <meta name="mobile-web-app-capable" content="yes"> @ http://localhost:3000/zh:0
[   15077ms] [ERROR] Failed to load resource: the server responded with a status of 404 (Not Found) @ http://localhost:3000/manifest.json:0
[   15083ms] [ERROR] Manifest fetch from http://localhost:3000/manifest.json failed, code 404 @ http://localhost:3000/zh:0
[   15361ms] [WARNING] <meta name="apple-mobile-web-app-capable" content="yes"> is deprecated. Please include <meta name="mobile-web-app-capable" content="yes"> @ http://localhost:3000/zh:0
[   15439ms] [ERROR] Failed to load resource: the server responded with a status of 404 (Not Found) @ http://localhost:3000/manifest.json:0
[   15503ms] [ERROR] Manifest fetch from http://localhost:3000/manifest.json failed, code 404 @ http://localhost:3000/zh:0
[   15633ms] [WARNING] <meta name="apple-mobile-web-app-capable" content="yes"> is deprecated. Please include <meta name="mobile-web-app-capable" content="yes"> @ http://localhost:3000/zh:0
[   15706ms] [ERROR] Failed to load resource: the server responded with a status of 404 (Not Found) @ http://localhost:3000/manifest.json:0
[   15812ms] [ERROR] Manifest fetch from http://localhost:3000/manifest.json failed, code 404 @ http://localhost:3000/zh:0
[   16041ms] [WARNING] <meta name="apple-mobile-web-app-capable" content="yes"> is deprecated. Please include <meta name="mobile-web-app-capable" content="yes"> @ http://localhost:3000/zh:0
[   16108ms] [ERROR] Failed to load resource: the server responded with a status of 404 (Not Found) @ http://localhost:3000/manifest.json:0
[   16180ms] [ERROR] Manifest fetch from http://localhost:3000/manifest.json failed, code 404 @ http://localhost:3000/zh:0
[   16453ms] [WARNING] <meta name="apple-mobile-web-app-capable" content="yes"> is deprecated. Please include <meta name="mobile-web-app-capable" content="yes"> @ http://localhost:3000/zh:0
[   16513ms] [ERROR] Failed to load resource: the server responded with a status of 404 (Not Found) @ http://localhost:3000/manifest.json:0
[   16610ms] [ERROR] Manifest fetch from http://localhost:3000/manifest.json failed, code 404 @ http://localhost:3000/zh:0
[   16790ms] [WARNING] <meta name="apple-mobile-web-app-capable" content="yes"> is deprecated. Please include <meta name="mobile-web-app-capable" content="yes"> @ http://localhost:3000/zh:0
[   16830ms] [ERROR] Failed to load resource: the server responded with a status of 404 (Not Found) @ http://localhost:3000/manifest.json:0
[   16838ms] [ERROR] Manifest fetch from http://localhost:3000/manifest.json failed, code 404 @ http://localhost:3000/zh:0
[   17219ms] [WARNING] <meta name="apple-mobile-web-app-capable" content="yes"> is deprecated. Please include <meta name="mobile-web-app-capable" content="yes"> @ http://localhost:3000/zh:0
[   17344ms] [ERROR] Failed to load resource: the server responded with a status of 404 (Not Found) @ http://localhost:3000/manifest.json:0
[   17430ms] [ERROR] Manifest fetch from http://localhost:3000/manifest.json failed, code 404 @ http://localhost:3000/zh:0
[   17728ms] [WARNING] <meta name="apple-mobile-web-app-capable" content="yes"> is deprecated. Please include <meta name="mobile-web-app-capable" content="yes"> @ http://localhost:3000/zh:0
[   17840ms] [ERROR] Failed to load resource: the server responded with a status of 404 (Not Found) @ http://localhost:3000/manifest.json:0
[   17921ms] [ERROR] Manifest fetch from http://localhost:3000/manifest.json failed, code 404 @ http://localhost:3000/zh:0
[   18075ms] [WARNING] <meta name="apple-mobile-web-app-capable" content="yes"> is deprecated. Please include <meta name="mobile-web-app-capable" content="yes"> @ http://localhost:3000/zh:0
[   18141ms] [ERROR] Failed to load resource: the server responded with a status of 404 (Not Found) @ http://localhost:3000/manifest.json:0
[   18216ms] [ERROR] Manifest fetch from http://localhost:3000/manifest.json failed, code 404 @ http://localhost:3000/zh:0
[   18520ms] [WARNING] <meta name="apple-mobile-web-app-capable" content="yes"> is deprecated. Please include <meta name="mobile-web-app-capable" content="yes"> @ http://localhost:3000/zh:0
[   18602ms] [ERROR] Failed to load resource: the server responded with a status of 404 (Not Found) @ http://localhost:3000/manifest.json:0
[   18672ms] [ERROR] Manifest fetch from http://localhost:3000/manifest.json failed, code 404 @ http://localhost:3000/zh:0
[   18806ms] [WARNING] <meta name="apple-mobile-web-app-capable" content="yes"> is deprecated. Please include <meta name="mobile-web-app-capable" content="yes"> @ http://localhost:3000/zh:0
[   18836ms] [ERROR] Failed to load resource: the server responded with a status of 404 (Not Found) @ http://localhost:3000/manifest.json:0
[   18843ms] [ERROR] Manifest fetch from http://localhost:3000/manifest.json failed, code 404 @ http://localhost:3000/zh:0
[   19083ms] [WARNING] <meta name="apple-mobile-web-app-capable" content="yes"> is deprecated. Please include <meta name="mobile-web-app-capable" content="yes"> @ http://localhost:3000/zh:0
[   19137ms] [ERROR] Failed to load resource: the server responded with a status of 404 (Not Found) @ http://localhost:3000/manifest.json:0
[   19158ms] [ERROR] Manifest fetch from http://localhost:3000/manifest.json failed, code 404 @ http://localhost:3000/zh:0
[   19354ms] [WARNING] <meta name="apple-mobile-web-app-capable" content="yes"> is deprecated. Please include <meta name="mobile-web-app-capable" content="yes"> @ http://localhost:3000/zh:0
[   19409ms] [ERROR] Failed to load resource: the server responded with a status of 404 (Not Found) @ http://localhost:3000/manifest.json:0
[   19464ms] [ERROR] Manifest fetch from http://localhost:3000/manifest.json failed, code 404 @ http://localhost:3000/zh:0
[   19658ms] [WARNING] <meta name="apple-mobile-web-app-capable" content="yes"> is deprecated. Please include <meta name="mobile-web-app-capable" content="yes"> @ http://localhost:3000/zh:0
[   19770ms] [ERROR] Failed to load resource: the server responded with a status of 404 (Not Found) @ http://localhost:3000/manifest.json:0
[   19798ms] [ERROR] Manifest fetch from http://localhost:3000/manifest.json failed, code 404 @ http://localhost:3000/zh:0
[   19931ms] [WARNING] <meta name="apple-mobile-web-app-capable" content="yes"> is deprecated. Please include <meta name="mobile-web-app-capable" content="yes"> @ http://localhost:3000/zh:0
[   19978ms] [ERROR] Failed to load resource: the server responded with a status of 404 (Not Found) @ http://localhost:3000/manifest.json:0
[   20001ms] [ERROR] Manifest fetch from http://localhost:3000/manifest.json failed, code 404 @ http://localhost:3000/zh:0
[   20174ms] [WARNING] <meta name="apple-mobile-web-app-capable" content="yes"> is deprecated. Please include <meta name="mobile-web-app-capable" content="yes"> @ http://localhost:3000/zh:0
[   20219ms] [ERROR] Failed to load resource: the server responded with a status of 404 (Not Found) @ http://localhost:3000/manifest.json:0
[   20255ms] [ERROR] Manifest fetch from http://localhost:3000/manifest.json failed, code 404 @ http://localhost:3000/zh:0
[   20390ms] [WARNING] <meta name="apple-mobile-web-app-capable" content="yes"> is deprecated. Please include <meta name="mobile-web-app-capable" content="yes"> @ http://localhost:3000/zh:0
[   20414ms] [ERROR] Failed to load resource: the server responded with a status of 404 (Not Found) @ http://localhost:3000/manifest.json:0
[   20419ms] [ERROR] Manifest fetch from http://localhost:3000/manifest.json failed, code 404 @ http://localhost:3000/zh:0
[   20628ms] [WARNING] <meta name="apple-mobile-web-app-capable" content="yes"> is deprecated. Please include <meta name="mobile-web-app-capable" content="yes"> @ http://localhost:3000/zh:0
[   20677ms] [ERROR] Failed to load resource: the server responded with a status of 404 (Not Found) @ http://localhost:3000/manifest.json:0
[   20682ms] [ERROR] Manifest fetch from http://localhost:3000/manifest.json failed, code 404 @ http://localhost:3000/zh:0
[   20893ms] [WARNING] <meta name="apple-mobile-web-app-capable" content="yes"> is deprecated. Please include <meta name="mobile-web-app-capable" content="yes"> @ http://localhost:3000/zh:0
[   20937ms] [ERROR] Failed to load resource: the server responded with a status of 404 (Not Found) @ http://localhost:3000/manifest.json:0
[   20983ms] [ERROR] Manifest fetch from http://localhost:3000/manifest.json failed, code 404 @ http://localhost:3000/zh:0
[   21216ms] [WARNING] <meta name="apple-mobile-web-app-capable" content="yes"> is deprecated. Please include <meta name="mobile-web-app-capable" content="yes"> @ http://localhost:3000/zh:0
[   21260ms] [ERROR] Failed to load resource: the server responded with a status of 404 (Not Found) @ http://localhost:3000/manifest.json:0
[   21265ms] [ERROR] Manifest fetch from http://localhost:3000/manifest.json failed, code 404 @ http://localhost:3000/zh:0
[   21403ms] [WARNING] <meta name="apple-mobile-web-app-capable" content="yes"> is deprecated. Please include <meta name="mobile-web-app-capable" content="yes"> @ http://localhost:3000/zh:0
[   21433ms] [ERROR] Failed to load resource: the server responded with a status of 404 (Not Found) @ http://localhost:3000/manifest.json:0
[   21439ms] [ERROR] Manifest fetch from http://localhost:3000/manifest.json failed, code 404 @ http://localhost:3000/zh:0
[   21644ms] [WARNING] <meta name="apple-mobile-web-app-capable" content="yes"> is deprecated. Please include <meta name="mobile-web-app-capable" content="yes"> @ http://localhost:3000/zh:0
[   21673ms] [ERROR] Failed to load resource: the server responded with a status of 404 (Not Found) @ http://localhost:3000/manifest.json:0
[   21720ms] [ERROR] Manifest fetch from http://localhost:3000/manifest.json failed, code 404 @ http://localhost:3000/zh:0
[   21969ms] [WARNING] <meta name="apple-mobile-web-app-capable" content="yes"> is deprecated. Please include <meta name="mobile-web-app-capable" content="yes"> @ http://localhost:3000/zh:0
[   22006ms] [ERROR] Failed to load resource: the server responded with a status of 404 (Not Found) @ http://localhost:3000/manifest.json:0
[   22013ms] [ERROR] Manifest fetch from http://localhost:3000/manifest.json failed, code 404 @ http://localhost:3000/zh:0
[   22192ms] [WARNING] <meta name="apple-mobile-web-app-capable" content="yes"> is deprecated. Please include <meta name="mobile-web-app-capable" content="yes"> @ http://localhost:3000/zh:0
[   22236ms] [ERROR] Failed to load resource: the server responded with a status of 404 (Not Found) @ http://localhost:3000/manifest.json:0
[   22243ms] [ERROR] Manifest fetch from http://localhost:3000/manifest.json failed, code 404 @ http://localhost:3000/zh:0
[   22435ms] [WARNING] <meta name="apple-mobile-web-app-capable" content="yes"> is deprecated. Please include <meta name="mobile-web-app-capable" content="yes"> @ http://localhost:3000/zh:0
[   22520ms] [ERROR] Failed to load resource: the server responded with a status of 404 (Not Found) @ http://localhost:3000/manifest.json:0
[   22627ms] [ERROR] Manifest fetch from http://localhost:3000/manifest.json failed, code 404 @ http://localhost:3000/zh:0
[   22766ms] [WARNING] <meta name="apple-mobile-web-app-capable" content="yes"> is deprecated. Please include <meta name="mobile-web-app-capable" content="yes"> @ http://localhost:3000/zh:0
[   22804ms] [ERROR] Failed to load resource: the server responded with a status of 404 (Not Found) @ http://localhost:3000/manifest.json:0
[   22809ms] [ERROR] Manifest fetch from http://localhost:3000/manifest.json failed, code 404 @ http://localhost:3000/zh:0
[   22972ms] [WARNING] <meta name="apple-mobile-web-app-capable" content="yes"> is deprecated. Please include <meta name="mobile-web-app-capable" content="yes"> @ http://localhost:3000/zh:0
[   23018ms] [ERROR] Failed to load resource: the server responded with a status of 404 (Not Found) @ http://localhost:3000/manifest.json:0
[   23023ms] [ERROR] Manifest fetch from http://localhost:3000/manifest.json failed, code 404 @ http://localhost:3000/zh:0
[   23174ms] [WARNING] <meta name="apple-mobile-web-app-capable" content="yes"> is deprecated. Please include <meta name="mobile-web-app-capable" content="yes"> @ http://localhost:3000/zh:0
[   23203ms] [ERROR] Failed to load resource: the server responded with a status of 404 (Not Found) @ http://localhost:3000/manifest.json:0
[   23261ms] [ERROR] Manifest fetch from http://localhost:3000/manifest.json failed, code 404 @ http://localhost:3000/zh:0
[   23384ms] [WARNING] <meta name="apple-mobile-web-app-capable" content="yes"> is deprecated. Please include <meta name="mobile-web-app-capable" content="yes"> @ http://localhost:3000/zh:0
[   23420ms] [ERROR] Failed to load resource: the server responded with a status of 404 (Not Found) @ http://localhost:3000/manifest.json:0
[   23435ms] [ERROR] Manifest fetch from http://localhost:3000/manifest.json failed, code 404 @ http://localhost:3000/zh:0
[   23589ms] [WARNING] <meta name="apple-mobile-web-app-capable" content="yes"> is deprecated. Please include <meta name="mobile-web-app-capable" content="yes"> @ http://localhost:3000/zh:0
[   23629ms] [ERROR] Failed to load resource: the server responded with a status of 404 (Not Found) @ http://localhost:3000/manifest.json:0
[   23684ms] [ERROR] Manifest fetch from http://localhost:3000/manifest.json failed, code 404 @ http://localhost:3000/zh:0
[   23822ms] [WARNING] <meta name="apple-mobile-web-app-capable" content="yes"> is deprecated. Please include <meta name="mobile-web-app-capable" content="yes"> @ http://localhost:3000/zh:0
[   23866ms] [ERROR] Failed to load resource: the server responded with a status of 404 (Not Found) @ http://localhost:3000/manifest.json:0
[   23903ms] [ERROR] Manifest fetch from http://localhost:3000/manifest.json failed, code 404 @ http://localhost:3000/zh:0
[   24017ms] [WARNING] <meta name="apple-mobile-web-app-capable" content="yes"> is deprecated. Please include <meta name="mobile-web-app-capable" content="yes"> @ http://localhost:3000/zh:0
[   24058ms] [ERROR] Failed to load resource: the server responded with a status of 404 (Not Found) @ http://localhost:3000/manifest.json:0
[   24065ms] [ERROR] Manifest fetch from http://localhost:3000/manifest.json failed, code 404 @ http://localhost:3000/zh:0
[   24234ms] [WARNING] <meta name="apple-mobile-web-app-capable" content="yes"> is deprecated. Please include <meta name="mobile-web-app-capable" content="yes"> @ http://localhost:3000/zh:0
[   24266ms] [ERROR] Failed to load resource: the server responded with a status of 404 (Not Found) @ http://localhost:3000/manifest.json:0
[   24299ms] [ERROR] Manifest fetch from http://localhost:3000/manifest.json failed, code 404 @ http://localhost:3000/zh:0
[   24405ms] [WARNING] <meta name="apple-mobile-web-app-capable" content="yes"> is deprecated. Please include <meta name="mobile-web-app-capable" content="yes"> @ http://localhost:3000/zh:0
[   24440ms] [ERROR] Failed to load resource: the server responded with a status of 404 (Not Found) @ http://localhost:3000/manifest.json:0
[   24443ms] [ERROR] Manifest fetch from http://localhost:3000/manifest.json failed, code 404 @ http://localhost:3000/zh:0
[   24621ms] [WARNING] <meta name="apple-mobile-web-app-capable" content="yes"> is deprecated. Please include <meta name="mobile-web-app-capable" content="yes"> @ http://localhost:3000/zh:0
[   24655ms] [ERROR] Failed to load resource: the server responded with a status of 404 (Not Found) @ http://localhost:3000/manifest.json:0
[   24708ms] [ERROR] Manifest fetch from http://localhost:3000/manifest.json failed, code 404 @ http://localhost:3000/zh:0
[   24825ms] [WARNING] <meta name="apple-mobile-web-app-capable" content="yes"> is deprecated. Please include <meta name="mobile-web-app-capable" content="yes"> @ http://localhost:3000/zh:0
[   24860ms] [ERROR] Failed to load resource: the server responded with a status of 404 (Not Found) @ http://localhost:3000/manifest.json:0
[   24928ms] [ERROR] Manifest fetch from http://localhost:3000/manifest.json failed, code 404 @ http://localhost:3000/zh:0
[   25061ms] [WARNING] <meta name="apple-mobile-web-app-capable" content="yes"> is deprecated. Please include <meta name="mobile-web-app-capable" content="yes"> @ http://localhost:3000/zh:0
[   25087ms] [ERROR] Failed to load resource: the server responded with a status of 404 (Not Found) @ http://localhost:3000/manifest.json:0
[   25094ms] [ERROR] Manifest fetch from http://localhost:3000/manifest.json failed, code 404 @ http://localhost:3000/zh:0
[   25291ms] [WARNING] <meta name="apple-mobile-web-app-capable" content="yes"> is deprecated. Please include <meta name="mobile-web-app-capable" content="yes"> @ http://localhost:3000/zh:0
[   25334ms] [ERROR] Failed to load resource: the server responded with a status of 404 (Not Found) @ http://localhost:3000/manifest.json:0
[   25390ms] [ERROR] Manifest fetch from http://localhost:3000/manifest.json failed, code 404 @ http://localhost:3000/zh:0
[   25521ms] [WARNING] <meta name="apple-mobile-web-app-capable" content="yes"> is deprecated. Please include <meta name="mobile-web-app-capable" content="yes"> @ http://localhost:3000/zh:0
[   25561ms] [ERROR] Failed to load resource: the server responded with a status of 404 (Not Found) @ http://localhost:3000/manifest.json:0
[   25608ms] [ERROR] Manifest fetch from http://localhost:3000/manifest.json failed, code 404 @ http://localhost:3000/zh:0
[   28796ms] [WARNING] The resource http://localhost:3000/_next/static/css/app/%5Blocale%5D/layout.css?v=1773598386655 was preloaded using link preload but not used within a few seconds from the window's load event. Please make sure it has an appropriate `as` value and it is preloaded intentionally. @ http://localhost:3000/zh:0
[   28796ms] [WARNING] The resource http://localhost:3000/_next/static/css/app/%5Blocale%5D/layout.css?v=1773598385674 was preloaded using link preload but not used within a few seconds from the window's load event. Please make sure it has an appropriate `as` value and it is preloaded intentionally. @ http://localhost:3000/zh:0
[   28796ms] [WARNING] The resource http://localhost:3000/_next/static/css/app/%5Blocale%5D/layout.css?v=1773598380181 was preloaded using link preload but not used within a few seconds from the window's load event. Please make sure it has an appropriate `as` value and it is preloaded intentionally. @ http://localhost:3000/zh:0
[   28796ms] [WARNING] The resource http://localhost:3000/_next/static/css/app/%5Blocale%5D/layout.css?v=1773598387410 was preloaded using link preload but not used within a few seconds from the window's load event. Please make sure it has an appropriate `as` value and it is preloaded intentionally. @ http://localhost:3000/zh:0
[   31911ms] [WARNING] The resource http://localhost:3000/_next/static/css/app/%5Blocale%5D/layout.css?v=1773598386655 was preloaded using link preload but not used within a few seconds from the window's load event. Please make sure it has an appropriate `as` value and it is preloaded intentionally. @ http://localhost:3000/zh:0
[   31912ms] [WARNING] The resource http://localhost:3000/_next/static/css/app/%5Blocale%5D/layout.css?v=1773598385674 was preloaded using link preload but not used within a few seconds from the window's load event. Please make sure it has an appropriate `as` value and it is preloaded intentionally. @ http://localhost:3000/zh:0
[   31912ms] [WARNING] The resource http://localhost:3000/_next/static/css/app/%5Blocale%5D/layout.css?v=1773598380181 was preloaded using link preload but not used within a few seconds from the window's load event. Please make sure it has an appropriate `as` value and it is preloaded intentionally. @ http://localhost:3000/zh:0
[   31912ms] [WARNING] The resource http://localhost:3000/_next/static/css/app/%5Blocale%5D/layout.css?v=1773598387410 was preloaded using link preload but not used within a few seconds from the window's load event. Please make sure it has an appropriate `as` value and it is preloaded intentionally. @ http://localhost:3000/zh:0
[   35065ms] [WARNING] The resource http://localhost:3000/_next/static/css/app/%5Blocale%5D/layout.css?v=1773598386655 was preloaded using link preload but not used within a few seconds from the window's load event. Please make sure it has an appropriate `as` value and it is preloaded intentionally. @ http://localhost:3000/zh:0
[   35065ms] [WARNING] The resource http://localhost:3000/_next/static/css/app/%5Blocale%5D/layout.css?v=1773598385674 was preloaded using link preload but not used within a few seconds from the window's load event. Please make sure it has an appropriate `as` value and it is preloaded intentionally. @ http://localhost:3000/zh:0
[   35065ms] [WARNING] The resource http://localhost:3000/_next/static/css/app/%5Blocale%5D/layout.css?v=1773598380181 was preloaded using link preload but not used within a few seconds from the window's load event. Please make sure it has an appropriate `as` value and it is preloaded intentionally. @ http://localhost:3000/zh:0
[   35065ms] [WARNING] The resource http://localhost:3000/_next/static/css/app/%5Blocale%5D/layout.css?v=1773598387410 was preloaded using link preload but not used within a few seconds from the window's load event. Please make sure it has an appropriate `as` value and it is preloaded intentionally. @ http://localhost:3000/zh:0
[   38330ms] [WARNING] The resource http://localhost:3000/_next/static/css/app/%5Blocale%5D/layout.css?v=1773598386655 was preloaded using link preload but not used within a few seconds from the window's load event. Please make sure it has an appropriate `as` value and it is preloaded intentionally. @ http://localhost:3000/zh:0
[   38330ms] [WARNING] The resource http://localhost:3000/_next/static/css/app/%5Blocale%5D/layout.css?v=1773598385674 was preloaded using link preload but not used within a few seconds from the window's load event. Please make sure it has an appropriate `as` value and it is preloaded intentionally. @ http://localhost:3000/zh:0
[   38330ms] [WARNING] The resource http://localhost:3000/_next/static/css/app/%5Blocale%5D/layout.css?v=1773598380181 was preloaded using link preload but not used within a few seconds from the window's load event. Please make sure it has an appropriate `as` value and it is preloaded intentionally. @ http://localhost:3000/zh:0
[   38330ms] [WARNING] The resource http://localhost:3000/_next/static/css/app/%5Blocale%5D/layout.css?v=1773598387410 was preloaded using link preload but not used within a few seconds from the window's load event. Please make sure it has an appropriate `as` value and it is preloaded intentionally. @ http://localhost:3000/zh:0
[   41488ms] [WARNING] The resource http://localhost:3000/_next/static/css/app/%5Blocale%5D/layout.css?v=1773598386655 was preloaded using link preload but not used within a few seconds from the window's load event. Please make sure it has an appropriate `as` value and it is preloaded intentionally. @ http://localhost:3000/zh:0
[   41488ms] [WARNING] The resource http://localhost:3000/_next/static/css/app/%5Blocale%5D/layout.css?v=1773598385674 was preloaded using link preload but not used within a few seconds from the window's load event. Please make sure it has an appropriate `as` value and it is preloaded intentionally. @ http://localhost:3000/zh:0
[   41488ms] [WARNING] The resource http://localhost:3000/_next/static/css/app/%5Blocale%5D/layout.css?v=1773598380181 was preloaded using link preload but not used within a few seconds from the window's load event. Please make sure it has an appropriate `as` value and it is preloaded intentionally. @ http://localhost:3000/zh:0
[   41488ms] [WARNING] The resource http://localhost:3000/_next/static/css/app/%5Blocale%5D/layout.css?v=1773598387410 was preloaded using link preload but not used within a few seconds from the window's load event. Please make sure it has an appropriate `as` value and it is preloaded intentionally. @ http://localhost:3000/zh:0
[   44607ms] [WARNING] The resource http://localhost:3000/_next/static/css/app/%5Blocale%5D/layout.css?v=1773598386655 was preloaded using link preload but not used within a few seconds from the window's load event. Please make sure it has an appropriate `as` value and it is preloaded intentionally. @ http://localhost:3000/zh:0
[   44607ms] [WARNING] The resource http://localhost:3000/_next/static/css/app/%5Blocale%5D/layout.css?v=1773598385674 was preloaded using link preload but not used within a few seconds from the window's load event. Please make sure it has an appropriate `as` value and it is preloaded intentionally. @ http://localhost:3000/zh:0
[   44607ms] [WARNING] The resource http://localhost:3000/_next/static/css/app/%5Blocale%5D/layout.css?v=1773598380181 was preloaded using link preload but not used within a few seconds from the window's load event. Please make sure it has an appropriate `as` value and it is preloaded intentionally. @ http://localhost:3000/zh:0
[   44607ms] [WARNING] The resource http://localhost:3000/_next/static/css/app/%5Blocale%5D/layout.css?v=1773598387410 was preloaded using link preload but not used within a few seconds from the window's load event. Please make sure it has an appropriate `as` value and it is preloaded intentionally. @ http://localhost:3000/zh:0
[   47728ms] [WARNING] The resource http://localhost:3000/_next/static/css/app/%5Blocale%5D/layout.css?v=1773598386655 was preloaded using link preload but not used within a few seconds from the window's load event. Please make sure it has an appropriate `as` value and it is preloaded intentionally. @ http://localhost:3000/zh:0
[   47729ms] [WARNING] The resource http://localhost:3000/_next/static/css/app/%5Blocale%5D/layout.css?v=1773598385674 was preloaded using link preload but not used within a few seconds from the window's load event. Please make sure it has an appropriate `as` value and it is preloaded intentionally. @ http://localhost:3000/zh:0
[   47729ms] [WARNING] The resource http://localhost:3000/_next/static/css/app/%5Blocale%5D/layout.css?v=1773598380181 was preloaded using link preload but not used within a few seconds from the window's load event. Please make sure it has an appropriate `as` value and it is preloaded intentionally. @ http://localhost:3000/zh:0
[   47729ms] [WARNING] The resource http://localhost:3000/_next/static/css/app/%5Blocale%5D/layout.css?v=1773598387410 was preloaded using link preload but not used within a few seconds from the window's load event. Please make sure it has an appropriate `as` value and it is preloaded intentionally. @ http://localhost:3000/zh:0
[   50880ms] [WARNING] The resource http://localhost:3000/_next/static/css/app/%5Blocale%5D/layout.css?v=1773598386655 was preloaded using link preload but not used within a few seconds from the window's load event. Please make sure it has an appropriate `as` value and it is preloaded intentionally. @ http://localhost:3000/zh:0
[   50880ms] [WARNING] The resource http://localhost:3000/_next/static/css/app/%5Blocale%5D/layout.css?v=1773598385674 was preloaded using link preload but not used within a few seconds from the window's load event. Please make sure it has an appropriate `as` value and it is preloaded intentionally. @ http://localhost:3000/zh:0
[   50880ms] [WARNING] The resource http://localhost:3000/_next/static/css/app/%5Blocale%5D/layout.css?v=1773598380181 was preloaded using link preload but not used within a few seconds from the window's load event. Please make sure it has an appropriate `as` value and it is preloaded intentionally. @ http://localhost:3000/zh:0
[   50880ms] [WARNING] The resource http://localhost:3000/_next/static/css/app/%5Blocale%5D/layout.css?v=1773598387410 was preloaded using link preload but not used within a few seconds from the window's load event. Please make sure it has an appropriate `as` value and it is preloaded intentionally. @ http://localhost:3000/zh:0
[   54018ms] [WARNING] The resource http://localhost:3000/_next/static/css/app/%5Blocale%5D/layout.css?v=1773598386655 was preloaded using link preload but not used within a few seconds from the window's load event. Please make sure it has an appropriate `as` value and it is preloaded intentionally. @ http://localhost:3000/zh:0
[   54018ms] [WARNING] The resource http://localhost:3000/_next/static/css/app/%5Blocale%5D/layout.css?v=1773598385674 was preloaded using link preload but not used within a few seconds from the window's load event. Please make sure it has an appropriate `as` value and it is preloaded intentionally. @ http://localhost:3000/zh:0
[   54018ms] [WARNING] The resource http://localhost:3000/_next/static/css/app/%5Blocale%5D/layout.css?v=1773598380181 was preloaded using link preload but not used within a few seconds from the window's load event. Please make sure it has an appropriate `as` value and it is preloaded intentionally. @ http://localhost:3000/zh:0
[   54018ms] [WARNING] The resource http://localhost:3000/_next/static/css/app/%5Blocale%5D/layout.css?v=1773598387410 was preloaded using link preload but not used within a few seconds from the window's load event. Please make sure it has an appropriate `as` value and it is preloaded intentionally. @ http://localhost:3000/zh:0
[   57180ms] [WARNING] The resource http://localhost:3000/_next/static/css/app/%5Blocale%5D/layout.css?v=1773598386655 was preloaded using link preload but not used within a few seconds from the window's load event. Please make sure it has an appropriate `as` value and it is preloaded intentionally. @ http://localhost:3000/zh:0
[   57180ms] [WARNING] The resource http://localhost:3000/_next/static/css/app/%5Blocale%5D/layout.css?v=1773598385674 was preloaded using link preload but not used within a few seconds from the window's load event. Please make sure it has an appropriate `as` value and it is preloaded intentionally. @ http://localhost:3000/zh:0
[   57180ms] [WARNING] The resource http://localhost:3000/_next/static/css/app/%5Blocale%5D/layout.css?v=1773598380181 was preloaded using link preload but not used within a few seconds from the window's load event. Please make sure it has an appropriate `as` value and it is preloaded intentionally. @ http://localhost:3000/zh:0
[   57180ms] [WARNING] The resource http://localhost:3000/_next/static/css/app/%5Blocale%5D/layout.css?v=1773598387410 was preloaded using link preload but not used within a few seconds from the window's load event. Please make sure it has an appropriate `as` value and it is preloaded intentionally. @ http://localhost:3000/zh:0
[   60345ms] [WARNING] The resource http://localhost:3000/_next/static/css/app/%5Blocale%5D/layout.css?v=1773598386655 was preloaded using link preload but not used within a few seconds from the window's load event. Please make sure it has an appropriate `as` value and it is preloaded intentionally. @ http://localhost:3000/zh:0
[   60345ms] [WARNING] The resource http://localhost:3000/_next/static/css/app/%5Blocale%5D/layout.css?v=1773598385674 was preloaded using link preload but not used within a few seconds from the window's load event. Please make sure it has an appropriate `as` value and it is preloaded intentionally. @ http://localhost:3000/zh:0
[   60345ms] [WARNING] The resource http://localhost:3000/_next/static/css/app/%5Blocale%5D/layout.css?v=1773598380181 was preloaded using link preload but not used within a few seconds from the window's load event. Please make sure it has an appropriate `as` value and it is preloaded intentionally. @ http://localhost:3000/zh:0
[   60345ms] [WARNING] The resource http://localhost:3000/_next/static/css/app/%5Blocale%5D/layout.css?v=1773598387410 was preloaded using link preload but not used within a few seconds from the window's load event. Please make sure it has an appropriate `as` value and it is preloaded intentionally. @ http://localhost:3000/zh:0
[   63466ms] [WARNING] The resource http://localhost:3000/_next/static/css/app/%5Blocale%5D/layout.css?v=1773598386655 was preloaded using link preload but not used within a few seconds from the window's load event. Please make sure it has an appropriate `as` value and it is preloaded intentionally. @ http://localhost:3000/zh:0
[   63466ms] [WARNING] The resource http://localhost:3000/_next/static/css/app/%5Blocale%5D/layout.css?v=1773598385674 was preloaded using link preload but not used within a few seconds from the window's load event. Please make sure it has an appropriate `as` value and it is preloaded intentionally. @ http://localhost:3000/zh:0
[   63466ms] [WARNING] The resource http://localhost:3000/_next/static/css/app/%5Blocale%5D/layout.css?v=1773598380181 was preloaded using link preload but not used within a few seconds from the window's load event. Please make sure it has an appropriate `as` value and it is preloaded intentionally. @ http://localhost:3000/zh:0
[   63466ms] [WARNING] The resource http://localhost:3000/_next/static/css/app/%5Blocale%5D/layout.css?v=1773598387410 was preloaded using link preload but not used within a few seconds from the window's load event. Please make sure it has an appropriate `as` value and it is preloaded intentionally. @ http://localhost:3000/zh:0
[   66611ms] [WARNING] The resource http://localhost:3000/_next/static/css/app/%5Blocale%5D/layout.css?v=1773598386655 was preloaded using link preload but not used within a few seconds from the window's load event. Please make sure it has an appropriate `as` value and it is preloaded intentionally. @ http://localhost:3000/zh:0
[   66611ms] [WARNING] The resource http://localhost:3000/_next/static/css/app/%5Blocale%5D/layout.css?v=1773598385674 was preloaded using link preload but not used within a few seconds from the window's load event. Please make sure it has an appropriate `as` value and it is preloaded intentionally. @ http://localhost:3000/zh:0
[   66611ms] [WARNING] The resource http://localhost:3000/_next/static/css/app/%5Blocale%5D/layout.css?v=1773598380181 was preloaded using link preload but not used within a few seconds from the window's load event. Please make sure it has an appropriate `as` value and it is preloaded intentionally. @ http://localhost:3000/zh:0
[   66611ms] [WARNING] The resource http://localhost:3000/_next/static/css/app/%5Blocale%5D/layout.css?v=1773598387410 was preloaded using link preload but not used within a few seconds from the window's load event. Please make sure it has an appropriate `as` value and it is preloaded intentionally. @ http://localhost:3000/zh:0
[   70109ms] [WARNING] The resource http://localhost:3000/_next/static/css/app/%5Blocale%5D/layout.css?v=1773598386655 was preloaded using link preload but not used within a few seconds from the window's load event. Please make sure it has an appropriate `as` value and it is preloaded intentionally. @ http://localhost:3000/zh:0
[   70109ms] [WARNING] The resource http://localhost:3000/_next/static/css/app/%5Blocale%5D/layout.css?v=1773598385674 was preloaded using link preload but not used within a few seconds from the window's load event. Please make sure it has an appropriate `as` value and it is preloaded intentionally. @ http://localhost:3000/zh:0
[   70109ms] [WARNING] The resource http://localhost:3000/_next/static/css/app/%5Blocale%5D/layout.css?v=1773598380181 was preloaded using link preload but not used within a few seconds from the window's load event. Please make sure it has an appropriate `as` value and it is preloaded intentionally. @ http://localhost:3000/zh:0
[   70110ms] [WARNING] The resource http://localhost:3000/_next/static/css/app/%5Blocale%5D/layout.css?v=1773598387410 was preloaded using link preload but not used within a few seconds from the window's load event. Please make sure it has an appropriate `as` value and it is preloaded intentionally. @ http://localhost:3000/zh:0
[   73384ms] [WARNING] The resource http://localhost:3000/_next/static/css/app/%5Blocale%5D/layout.css?v=1773598386655 was preloaded using link preload but not used within a few seconds from the window's load event. Please make sure it has an appropriate `as` value and it is preloaded intentionally. @ http://localhost:3000/zh:0
[   73384ms] [WARNING] The resource http://localhost:3000/_next/static/css/app/%5Blocale%5D/layout.css?v=1773598385674 was preloaded using link preload but not used within a few seconds from the window's load event. Please make sure it has an appropriate `as` value and it is preloaded intentionally. @ http://localhost:3000/zh:0
[   73384ms] [WARNING] The resource http://localhost:3000/_next/static/css/app/%5Blocale%5D/layout.css?v=1773598380181 was preloaded using link preload but not used within a few seconds from the window's load event. Please make sure it has an appropriate `as` value and it is preloaded intentionally. @ http://localhost:3000/zh:0
[   73384ms] [WARNING] The resource http://localhost:3000/_next/static/css/app/%5Blocale%5D/layout.css?v=1773598387410 was preloaded using link preload but not used within a few seconds from the window's load event. Please make sure it has an appropriate `as` value and it is preloaded intentionally. @ http://localhost:3000/zh:0
[   76574ms] [WARNING] The resource http://localhost:3000/_next/static/css/app/%5Blocale%5D/layout.css?v=1773598386655 was preloaded using link preload but not used within a few seconds from the window's load event. Please make sure it has an appropriate `as` value and it is preloaded intentionally. @ http://localhost:3000/zh:0
[   76574ms] [WARNING] The resource http://localhost:3000/_next/static/css/app/%5Blocale%5D/layout.css?v=1773598385674 was preloaded using link preload but not used within a few seconds from the window's load event. Please make sure it has an appropriate `as` value and it is preloaded intentionally. @ http://localhost:3000/zh:0
[   76574ms] [WARNING] The resource http://localhost:3000/_next/static/css/app/%5Blocale%5D/layout.css?v=1773598380181 was preloaded using link preload but not used within a few seconds from the window's load event. Please make sure it has an appropriate `as` value and it is preloaded intentionally. @ http://localhost:3000/zh:0
[   76574ms] [WARNING] The resource http://localhost:3000/_next/static/css/app/%5Blocale%5D/layout.css?v=1773598387410 was preloaded using link preload but not used within a few seconds from the window's load event. Please make sure it has an appropriate `as` value and it is preloaded intentionally. @ http://localhost:3000/zh:0
[   79708ms] [WARNING] The resource http://localhost:3000/_next/static/css/app/%5Blocale%5D/layout.css?v=1773598386655 was preloaded using link preload but not used within a few seconds from the window's load event. Please make sure it has an appropriate `as` value and it is preloaded intentionally. @ http://localhost:3000/zh:0
[   79708ms] [WARNING] The resource http://localhost:3000/_next/static/css/app/%5Blocale%5D/layout.css?v=1773598385674 was preloaded using link preload but not used within a few seconds from the window's load event. Please make sure it has an appropriate `as` value and it is preloaded intentionally. @ http://localhost:3000/zh:0
[   79708ms] [WARNING] The resource http://localhost:3000/_next/static/css/app/%5Blocale%5D/layout.css?v=1773598380181 was preloaded using link preload but not used within a few seconds from the window's load event. Please make sure it has an appropriate `as` value and it is preloaded intentionally. @ http://localhost:3000/zh:0
[   79708ms] [WARNING] The resource http://localhost:3000/_next/static/css/app/%5Blocale%5D/layout.css?v=1773598387410 was preloaded using link preload but not used within a few seconds from the window's load event. Please make sure it has an appropriate `as` value and it is preloaded intentionally. @ http://localhost:3000/zh:0
[   83009ms] [WARNING] The resource http://localhost:3000/_next/static/css/app/%5Blocale%5D/layout.css?v=1773598386655 was preloaded using link preload but not used within a few seconds from the window's load event. Please make sure it has an appropriate `as` value and it is preloaded intentionally. @ http://localhost:3000/zh:0
[   83009ms] [WARNING] The resource http://localhost:3000/_next/static/css/app/%5Blocale%5D/layout.css?v=1773598385674 was preloaded using link preload but not used within a few seconds from the window's load event. Please make sure it has an appropriate `as` value and it is preloaded intentionally. @ http://localhost:3000/zh:0
[   83009ms] [WARNING] The resource http://localhost:3000/_next/static/css/app/%5Blocale%5D/layout.css?v=1773598380181 was preloaded using link preload but not used within a few seconds from the window's load event. Please make sure it has an appropriate `as` value and it is preloaded intentionally. @ http://localhost:3000/zh:0
[   83009ms] [WARNING] The resource http://localhost:3000/_next/static/css/app/%5Blocale%5D/layout.css?v=1773598387410 was preloaded using link preload but not used within a few seconds from the window's load event. Please make sure it has an appropriate `as` value and it is preloaded intentionally. @ http://localhost:3000/zh:0
[   86229ms] [WARNING] The resource http://localhost:3000/_next/static/css/app/%5Blocale%5D/layout.css?v=1773598386655 was preloaded using link preload but not used within a few seconds from the window's load event. Please make sure it has an appropriate `as` value and it is preloaded intentionally. @ http://localhost:3000/zh:0
[   86229ms] [WARNING] The resource http://localhost:3000/_next/static/css/app/%5Blocale%5D/layout.css?v=1773598385674 was preloaded using link preload but not used within a few seconds from the window's load event. Please make sure it has an appropriate `as` value and it is preloaded intentionally. @ http://localhost:3000/zh:0
[   86229ms] [WARNING] The resource http://localhost:3000/_next/static/css/app/%5Blocale%5D/layout.css?v=1773598380181 was preloaded using link preload but not used within a few seconds from the window's load event. Please make sure it has an appropriate `as` value and it is preloaded intentionally. @ http://localhost:3000/zh:0
[   86229ms] [WARNING] The resource http://localhost:3000/_next/static/css/app/%5Blocale%5D/layout.css?v=1773598387410 was preloaded using link preload but not used within a few seconds from the window's load event. Please make sure it has an appropriate `as` value and it is preloaded intentionally. @ http://localhost:3000/zh:0
[   89402ms] [WARNING] The resource http://localhost:3000/_next/static/css/app/%5Blocale%5D/layout.css?v=1773598386655 was preloaded using link preload but not used within a few seconds from the window's load event. Please make sure it has an appropriate `as` value and it is preloaded intentionally. @ http://localhost:3000/zh:0
[   89402ms] [WARNING] The resource http://localhost:3000/_next/static/css/app/%5Blocale%5D/layout.css?v=1773598385674 was preloaded using link preload but not used within a few seconds from the window's load event. Please make sure it has an appropriate `as` value and it is preloaded intentionally. @ http://localhost:3000/zh:0
[   89402ms] [WARNING] The resource http://localhost:3000/_next/static/css/app/%5Blocale%5D/layout.css?v=1773598380181 was preloaded using link preload but not used within a few seconds from the window's load event. Please make sure it has an appropriate `as` value and it is preloaded intentionally. @ http://localhost:3000/zh:0
[   89402ms] [WARNING] The resource http://localhost:3000/_next/static/css/app/%5Blocale%5D/layout.css?v=1773598387410 was preloaded using link preload but not used within a few seconds from the window's load event. Please make sure it has an appropriate `as` value and it is preloaded intentionally. @ http://localhost:3000/zh:0
[   92540ms] [WARNING] The resource http://localhost:3000/_next/static/css/app/%5Blocale%5D/layout.css?v=1773598386655 was preloaded using link preload but not used within a few seconds from the window's load event. Please make sure it has an appropriate `as` value and it is preloaded intentionally. @ http://localhost:3000/zh:0
[   92540ms] [WARNING] The resource http://localhost:3000/_next/static/css/app/%5Blocale%5D/layout.css?v=1773598385674 was preloaded using link preload but not used within a few seconds from the window's load event. Please make sure it has an appropriate `as` value and it is preloaded intentionally. @ http://localhost:3000/zh:0
[   92540ms] [WARNING] The resource http://localhost:3000/_next/static/css/app/%5Blocale%5D/layout.css?v=1773598380181 was preloaded using link preload but not used within a few seconds from the window's load event. Please make sure it has an appropriate `as` value and it is preloaded intentionally. @ http://localhost:3000/zh:0
[   92540ms] [WARNING] The resource http://localhost:3000/_next/static/css/app/%5Blocale%5D/layout.css?v=1773598387410 was preloaded using link preload but not used within a few seconds from the window's load event. Please make sure it has an appropriate `as` value and it is preloaded intentionally. @ http://localhost:3000/zh:0
[   95782ms] [WARNING] The resource http://localhost:3000/_next/static/css/app/%5Blocale%5D/layout.css?v=1773598386655 was preloaded using link preload but not used within a few seconds from the window's load event. Please make sure it has an appropriate `as` value and it is preloaded intentionally. @ http://localhost:3000/zh:0
[   95782ms] [WARNING] The resource http://localhost:3000/_next/static/css/app/%5Blocale%5D/layout.css?v=1773598385674 was preloaded using link preload but not used within a few seconds from the window's load event. Please make sure it has an appropriate `as` value and it is preloaded intentionally. @ http://localhost:3000/zh:0
[   95782ms] [WARNING] The resource http://localhost:3000/_next/static/css/app/%5Blocale%5D/layout.css?v=1773598380181 was preloaded using link preload but not used within a few seconds from the window's load event. Please make sure it has an appropriate `as` value and it is preloaded intentionally. @ http://localhost:3000/zh:0
[   95782ms] [WARNING] The resource http://localhost:3000/_next/static/css/app/%5Blocale%5D/layout.css?v=1773598387410 was preloaded using link preload but not used within a few seconds from the window's load event. Please make sure it has an appropriate `as` value and it is preloaded intentionally. @ http://localhost:3000/zh:0
[   98956ms] [WARNING] The resource http://localhost:3000/_next/static/css/app/%5Blocale%5D/layout.css?v=1773598386655 was preloaded using link preload but not used within a few seconds from the window's load event. Please make sure it has an appropriate `as` value and it is preloaded intentionally. @ http://localhost:3000/zh:0
[   98956ms] [WARNING] The resource http://localhost:3000/_next/static/css/app/%5Blocale%5D/layout.css?v=1773598385674 was preloaded using link preload but not used within a few seconds from the window's load event. Please make sure it has an appropriate `as` value and it is preloaded intentionally. @ http://localhost:3000/zh:0
[   98956ms] [WARNING] The resource http://localhost:3000/_next/static/css/app/%5Blocale%5D/layout.css?v=1773598380181 was preloaded using link preload but not used within a few seconds from the window's load event. Please make sure it has an appropriate `as` value and it is preloaded intentionally. @ http://localhost:3000/zh:0
[   98956ms] [WARNING] The resource http://localhost:3000/_next/static/css/app/%5Blocale%5D/layout.css?v=1773598387410 was preloaded using link preload but not used within a few seconds from the window's load event. Please make sure it has an appropriate `as` value and it is preloaded intentionally. @ http://localhost:3000/zh:0
[  102084ms] [WARNING] The resource http://localhost:3000/_next/static/css/app/%5Blocale%5D/layout.css?v=1773598386655 was preloaded using link preload but not used within a few seconds from the window's load event. Please make sure it has an appropriate `as` value and it is preloaded intentionally. @ http://localhost:3000/zh:0
[  102084ms] [WARNING] The resource http://localhost:3000/_next/static/css/app/%5Blocale%5D/layout.css?v=1773598385674 was preloaded using link preload but not used within a few seconds from the window's load event. Please make sure it has an appropriate `as` value and it is preloaded intentionally. @ http://localhost:3000/zh:0
[  102084ms] [WARNING] The resource http://localhost:3000/_next/static/css/app/%5Blocale%5D/layout.css?v=1773598380181 was preloaded using link preload but not used within a few seconds from the window's load event. Please make sure it has an appropriate `as` value and it is preloaded intentionally. @ http://localhost:3000/zh:0
[  102084ms] [WARNING] The resource http://localhost:3000/_next/static/css/app/%5Blocale%5D/layout.css?v=1773598387410 was preloaded using link preload but not used within a few seconds from the window's load event. Please make sure it has an appropriate `as` value and it is preloaded intentionally. @ http://localhost:3000/zh:0
[  105205ms] [WARNING] The resource http://localhost:3000/_next/static/css/app/%5Blocale%5D/layout.css?v=1773598386655 was preloaded using link preload but not used within a few seconds from the window's load event. Please make sure it has an appropriate `as` value and it is preloaded intentionally. @ http://localhost:3000/zh:0
[  105205ms] [WARNING] The resource http://localhost:3000/_next/static/css/app/%5Blocale%5D/layout.css?v=1773598385674 was preloaded using link preload but not used within a few seconds from the window's load event. Please make sure it has an appropriate `as` value and it is preloaded intentionally. @ http://localhost:3000/zh:0
[  105205ms] [WARNING] The resource http://localhost:3000/_next/static/css/app/%5Blocale%5D/layout.css?v=1773598380181 was preloaded using link preload but not used within a few seconds from the window's load event. Please make sure it has an appropriate `as` value and it is preloaded intentionally. @ http://localhost:3000/zh:0
[  105205ms] [WARNING] The resource http://localhost:3000/_next/static/css/app/%5Blocale%5D/layout.css?v=1773598387410 was preloaded using link preload but not used within a few seconds from the window's load event. Please make sure it has an appropriate `as` value and it is preloaded intentionally. @ http://localhost:3000/zh:0
[  108308ms] [WARNING] The resource http://localhost:3000/_next/static/css/app/%5Blocale%5D/layout.css?v=1773598386655 was preloaded using link preload but not used within a few seconds from the window's load event. Please make sure it has an appropriate `as` value and it is preloaded intentionally. @ http://localhost:3000/zh:0
[  108308ms] [WARNING] The resource http://localhost:3000/_next/static/css/app/%5Blocale%5D/layout.css?v=1773598385674 was preloaded using link preload but not used within a few seconds from the window's load event. Please make sure it has an appropriate `as` value and it is preloaded intentionally. @ http://localhost:3000/zh:0
[  108308ms] [WARNING] The resource http://localhost:3000/_next/static/css/app/%5Blocale%5D/layout.css?v=1773598380181 was preloaded using link preload but not used within a few seconds from the window's load event. Please make sure it has an appropriate `as` value and it is preloaded intentionally. @ http://localhost:3000/zh:0
[  108308ms] [WARNING] The resource http://localhost:3000/_next/static/css/app/%5Blocale%5D/layout.css?v=1773598387410 was preloaded using link preload but not used within a few seconds from the window's load event. Please make sure it has an appropriate `as` value and it is preloaded intentionally. @ http://localhost:3000/zh:0
[  111404ms] [WARNING] The resource http://localhost:3000/_next/static/css/app/%5Blocale%5D/layout.css?v=1773598386655 was preloaded using link preload but not used within a few seconds from the window's load event. Please make sure it has an appropriate `as` value and it is preloaded intentionally. @ http://localhost:3000/zh:0
[  111404ms] [WARNING] The resource http://localhost:3000/_next/static/css/app/%5Blocale%5D/layout.css?v=1773598385674 was preloaded using link preload but not used within a few seconds from the window's load event. Please make sure it has an appropriate `as` value and it is preloaded intentionally. @ http://localhost:3000/zh:0
[  111404ms] [WARNING] The resource http://localhost:3000/_next/static/css/app/%5Blocale%5D/layout.css?v=1773598380181 was preloaded using link preload but not used within a few seconds from the window's load event. Please make sure it has an appropriate `as` value and it is preloaded intentionally. @ http://localhost:3000/zh:0
[  111405ms] [WARNING] The resource http://localhost:3000/_next/static/css/app/%5Blocale%5D/layout.css?v=1773598387410 was preloaded using link preload but not used within a few seconds from the window's load event. Please make sure it has an appropriate `as` value and it is preloaded intentionally. @ http://localhost:3000/zh:0
[  114550ms] [WARNING] The resource http://localhost:3000/_next/static/css/app/%5Blocale%5D/layout.css?v=1773598386655 was preloaded using link preload but not used within a few seconds from the window's load event. Please make sure it has an appropriate `as` value and it is preloaded intentionally. @ http://localhost:3000/zh:0
[  114551ms] [WARNING] The resource http://localhost:3000/_next/static/css/app/%5Blocale%5D/layout.css?v=1773598385674 was preloaded using link preload but not used within a few seconds from the window's load event. Please make sure it has an appropriate `as` value and it is preloaded intentionally. @ http://localhost:3000/zh:0
[  114551ms] [WARNING] The resource http://localhost:3000/_next/static/css/app/%5Blocale%5D/layout.css?v=1773598380181 was preloaded using link preload but not used within a few seconds from the window's load event. Please make sure it has an appropriate `as` value and it is preloaded intentionally. @ http://localhost:3000/zh:0
[  114551ms] [WARNING] The resource http://localhost:3000/_next/static/css/app/%5Blocale%5D/layout.css?v=1773598387410 was preloaded using link preload but not used within a few seconds from the window's load event. Please make sure it has an appropriate `as` value and it is preloaded intentionally. @ http://localhost:3000/zh:0
[  118294ms] [WARNING] The resource http://localhost:3000/_next/static/css/app/%5Blocale%5D/layout.css?v=1773598386655 was preloaded using link preload but not used within a few seconds from the window's load event. Please make sure it has an appropriate `as` value and it is preloaded intentionally. @ http://localhost:3000/zh:0
[  118294ms] [WARNING] The resource http://localhost:3000/_next/static/css/app/%5Blocale%5D/layout.css?v=1773598385674 was preloaded using link preload but not used within a few seconds from the window's load event. Please make sure it has an appropriate `as` value and it is preloaded intentionally. @ http://localhost:3000/zh:0
[  118294ms] [WARNING] The resource http://localhost:3000/_next/static/css/app/%5Blocale%5D/layout.css?v=1773598380181 was preloaded using link preload but not used within a few seconds from the window's load event. Please make sure it has an appropriate `as` value and it is preloaded intentionally. @ http://localhost:3000/zh:0
[  118294ms] [WARNING] The resource http://localhost:3000/_next/static/css/app/%5Blocale%5D/layout.css?v=1773598387410 was preloaded using link preload but not used within a few seconds from the window's load event. Please make sure it has an appropriate `as` value and it is preloaded intentionally. @ http://localhost:3000/zh:0
[  121436ms] [WARNING] The resource http://localhost:3000/_next/static/css/app/%5Blocale%5D/layout.css?v=1773598386655 was preloaded using link preload but not used within a few seconds from the window's load event. Please make sure it has an appropriate `as` value and it is preloaded intentionally. @ http://localhost:3000/zh:0
[  121436ms] [WARNING] The resource http://localhost:3000/_next/static/css/app/%5Blocale%5D/layout.css?v=1773598385674 was preloaded using link preload but not used within a few seconds from the window's load event. Please make sure it has an appropriate `as` value and it is preloaded intentionally. @ http://localhost:3000/zh:0
[  121436ms] [WARNING] The resource http://localhost:3000/_next/static/css/app/%5Blocale%5D/layout.css?v=1773598380181 was preloaded using link preload but not used within a few seconds from the window's load event. Please make sure it has an appropriate `as` value and it is preloaded intentionally. @ http://localhost:3000/zh:0
[  121436ms] [WARNING] The resource http://localhost:3000/_next/static/css/app/%5Blocale%5D/layout.css?v=1773598387410 was preloaded using link preload but not used within a few seconds from the window's load event. Please make sure it has an appropriate `as` value and it is preloaded intentionally. @ http://localhost:3000/zh:0
[  124696ms] [WARNING] The resource http://localhost:3000/_next/static/css/app/%5Blocale%5D/layout.css?v=1773598386655 was preloaded using link preload but not used within a few seconds from the window's load event. Please make sure it has an appropriate `as` value and it is preloaded intentionally. @ http://localhost:3000/zh:0
[  124696ms] [WARNING] The resource http://localhost:3000/_next/static/css/app/%5Blocale%5D/layout.css?v=1773598385674 was preloaded using link preload but not used within a few seconds from the window's load event. Please make sure it has an appropriate `as` value and it is preloaded intentionally. @ http://localhost:3000/zh:0
[  124696ms] [WARNING] The resource http://localhost:3000/_next/static/css/app/%5Blocale%5D/layout.css?v=1773598380181 was preloaded using link preload but not used within a few seconds from the window's load event. Please make sure it has an appropriate `as` value and it is preloaded intentionally. @ http://localhost:3000/zh:0
[  124696ms] [WARNING] The resource http://localhost:3000/_next/static/css/app/%5Blocale%5D/layout.css?v=1773598387410 was preloaded using link preload but not used within a few seconds from the window's load event. Please make sure it has an appropriate `as` value and it is preloaded intentionally. @ http://localhost:3000/zh:0
[  127836ms] [WARNING] The resource http://localhost:3000/_next/static/css/app/%5Blocale%5D/layout.css?v=1773598386655 was preloaded using link preload but not used within a few seconds from the window's load event. Please make sure it has an appropriate `as` value and it is preloaded intentionally. @ http://localhost:3000/zh:0
[  127836ms] [WARNING] The resource http://localhost:3000/_next/static/css/app/%5Blocale%5D/layout.css?v=1773598385674 was preloaded using link preload but not used within a few seconds from the window's load event. Please make sure it has an appropriate `as` value and it is preloaded intentionally. @ http://localhost:3000/zh:0
[  127836ms] [WARNING] The resource http://localhost:3000/_next/static/css/app/%5Blocale%5D/layout.css?v=1773598380181 was preloaded using link preload but not used within a few seconds from the window's load event. Please make sure it has an appropriate `as` value and it is preloaded intentionally. @ http://localhost:3000/zh:0
[  127836ms] [WARNING] The resource http://localhost:3000/_next/static/css/app/%5Blocale%5D/layout.css?v=1773598387410 was preloaded using link preload but not used within a few seconds from the window's load event. Please make sure it has an appropriate `as` value and it is preloaded intentionally. @ http://localhost:3000/zh:0
[  130949ms] [WARNING] The resource http://localhost:3000/_next/static/css/app/%5Blocale%5D/layout.css?v=1773598386655 was preloaded using link preload but not used within a few seconds from the window's load event. Please make sure it has an appropriate `as` value and it is preloaded intentionally. @ http://localhost:3000/zh:0
[  130949ms] [WARNING] The resource http://localhost:3000/_next/static/css/app/%5Blocale%5D/layout.css?v=1773598385674 was preloaded using link preload but not used within a few seconds from the window's load event. Please make sure it has an appropriate `as` value and it is preloaded intentionally. @ http://localhost:3000/zh:0
[  130949ms] [WARNING] The resource http://localhost:3000/_next/static/css/app/%5Blocale%5D/layout.css?v=1773598380181 was preloaded using link preload but not used within a few seconds from the window's load event. Please make sure it has an appropriate `as` value and it is preloaded intentionally. @ http://localhost:3000/zh:0
[  130949ms] [WARNING] The resource http://localhost:3000/_next/static/css/app/%5Blocale%5D/layout.css?v=1773598387410 was preloaded using link preload but not used within a few seconds from the window's load event. Please make sure it has an appropriate `as` value and it is preloaded intentionally. @ http://localhost:3000/zh:0
[  134049ms] [WARNING] The resource http://localhost:3000/_next/static/css/app/%5Blocale%5D/layout.css?v=1773598386655 was preloaded using link preload but not used within a few seconds from the window's load event. Please make sure it has an appropriate `as` value and it is preloaded intentionally. @ http://localhost:3000/zh:0
[  134049ms] [WARNING] The resource http://localhost:3000/_next/static/css/app/%5Blocale%5D/layout.css?v=1773598385674 was preloaded using link preload but not used within a few seconds from the window's load event. Please make sure it has an appropriate `as` value and it is preloaded intentionally. @ http://localhost:3000/zh:0
[  134049ms] [WARNING] The resource http://localhost:3000/_next/static/css/app/%5Blocale%5D/layout.css?v=1773598380181 was preloaded using link preload but not used within a few seconds from the window's load event. Please make sure it has an appropriate `as` value and it is preloaded intentionally. @ http://localhost:3000/zh:0
[  134049ms] [WARNING] The resource http://localhost:3000/_next/static/css/app/%5Blocale%5D/layout.css?v=1773598387410 was preloaded using link preload but not used within a few seconds from the window's load event. Please make sure it has an appropriate `as` value and it is preloaded intentionally. @ http://localhost:3000/zh:0
[  137146ms] [WARNING] The resource http://localhost:3000/_next/static/css/app/%5Blocale%5D/layout.css?v=1773598386655 was preloaded using link preload but not used within a few seconds from the window's load event. Please make sure it has an appropriate `as` value and it is preloaded intentionally. @ http://localhost:3000/zh:0
[  137146ms] [WARNING] The resource http://localhost:3000/_next/static/css/app/%5Blocale%5D/layout.css?v=1773598385674 was preloaded using link preload but not used within a few seconds from the window's load event. Please make sure it has an appropriate `as` value and it is preloaded intentionally. @ http://localhost:3000/zh:0
[  137146ms] [WARNING] The resource http://localhost:3000/_next/static/css/app/%5Blocale%5D/layout.css?v=1773598380181 was preloaded using link preload but not used within a few seconds from the window's load event. Please make sure it has an appropriate `as` value and it is preloaded intentionally. @ http://localhost:3000/zh:0
[  137146ms] [WARNING] The resource http://localhost:3000/_next/static/css/app/%5Blocale%5D/layout.css?v=1773598387410 was preloaded using link preload but not used within a few seconds from the window's load event. Please make sure it has an appropriate `as` value and it is preloaded intentionally. @ http://localhost:3000/zh:0
[  140260ms] [WARNING] The resource http://localhost:3000/_next/static/css/app/%5Blocale%5D/layout.css?v=1773598386655 was preloaded using link preload but not used within a few seconds from the window's load event. Please make sure it has an appropriate `as` value and it is preloaded intentionally. @ http://localhost:3000/zh:0
[  140260ms] [WARNING] The resource http://localhost:3000/_next/static/css/app/%5Blocale%5D/layout.css?v=1773598385674 was preloaded using link preload but not used within a few seconds from the window's load event. Please make sure it has an appropriate `as` value and it is preloaded intentionally. @ http://localhost:3000/zh:0
[  140260ms] [WARNING] The resource http://localhost:3000/_next/static/css/app/%5Blocale%5D/layout.css?v=1773598380181 was preloaded using link preload but not used within a few seconds from the window's load event. Please make sure it has an appropriate `as` value and it is preloaded intentionally. @ http://localhost:3000/zh:0
[  140260ms] [WARNING] The resource http://localhost:3000/_next/static/css/app/%5Blocale%5D/layout.css?v=1773598387410 was preloaded using link preload but not used within a few seconds from the window's load event. Please make sure it has an appropriate `as` value and it is preloaded intentionally. @ http://localhost:3000/zh:0
[  143446ms] [WARNING] The resource http://localhost:3000/_next/static/css/app/%5Blocale%5D/layout.css?v=1773598386655 was preloaded using link preload but not used within a few seconds from the window's load event. Please make sure it has an appropriate `as` value and it is preloaded intentionally. @ http://localhost:3000/zh:0
[  143446ms] [WARNING] The resource http://localhost:3000/_next/static/css/app/%5Blocale%5D/layout.css?v=1773598385674 was preloaded using link preload but not used within a few seconds from the window's load event. Please make sure it has an appropriate `as` value and it is preloaded intentionally. @ http://localhost:3000/zh:0
[  143446ms] [WARNING] The resource http://localhost:3000/_next/static/css/app/%5Blocale%5D/layout.css?v=1773598380181 was preloaded using link preload but not used within a few seconds from the window's load event. Please make sure it has an appropriate `as` value and it is preloaded intentionally. @ http://localhost:3000/zh:0
[  143446ms] [WARNING] The resource http://localhost:3000/_next/static/css/app/%5Blocale%5D/layout.css?v=1773598387410 was preloaded using link preload but not used within a few seconds from the window's load event. Please make sure it has an appropriate `as` value and it is preloaded intentionally. @ http://localhost:3000/zh:0
[  146544ms] [WARNING] The resource http://localhost:3000/_next/static/css/app/%5Blocale%5D/layout.css?v=1773598386655 was preloaded using link preload but not used within a few seconds from the window's load event. Please make sure it has an appropriate `as` value and it is preloaded intentionally. @ http://localhost:3000/zh:0
[  146544ms] [WARNING] The resource http://localhost:3000/_next/static/css/app/%5Blocale%5D/layout.css?v=1773598385674 was preloaded using link preload but not used within a few seconds from the window's load event. Please make sure it has an appropriate `as` value and it is preloaded intentionally. @ http://localhost:3000/zh:0
[  146544ms] [WARNING] The resource http://localhost:3000/_next/static/css/app/%5Blocale%5D/layout.css?v=1773598380181 was preloaded using link preload but not used within a few seconds from the window's load event. Please make sure it has an appropriate `as` value and it is preloaded intentionally. @ http://localhost:3000/zh:0
[  146544ms] [WARNING] The resource http://localhost:3000/_next/static/css/app/%5Blocale%5D/layout.css?v=1773598387410 was preloaded using link preload but not used within a few seconds from the window's load event. Please make sure it has an appropriate `as` value and it is preloaded intentionally. @ http://localhost:3000/zh:0
[  152299ms] [WARNING] The resource http://localhost:3000/_next/static/css/app/%5Blocale%5D/layout.css?v=1773598386655 was preloaded using link preload but not used within a few seconds from the window's load event. Please make sure it has an appropriate `as` value and it is preloaded intentionally. @ http://localhost:3000/zh:0
[  152299ms] [WARNING] The resource http://localhost:3000/_next/static/css/app/%5Blocale%5D/layout.css?v=1773598385674 was preloaded using link preload but not used within a few seconds from the window's load event. Please make sure it has an appropriate `as` value and it is preloaded intentionally. @ http://localhost:3000/zh:0
[  152299ms] [WARNING] The resource http://localhost:3000/_next/static/css/app/%5Blocale%5D/layout.css?v=1773598380181 was preloaded using link preload but not used within a few seconds from the window's load event. Please make sure it has an appropriate `as` value and it is preloaded intentionally. @ http://localhost:3000/zh:0
[  152299ms] [WARNING] The resource http://localhost:3000/_next/static/css/app/%5Blocale%5D/layout.css?v=1773598387410 was preloaded using link preload but not used within a few seconds from the window's load event. Please make sure it has an appropriate `as` value and it is preloaded intentionally. @ http://localhost:3000/zh:0
[  155388ms] [WARNING] The resource http://localhost:3000/_next/static/css/app/%5Blocale%5D/layout.css?v=1773598386655 was preloaded using link preload but not used within a few seconds from the window's load event. Please make sure it has an appropriate `as` value and it is preloaded intentionally. @ http://localhost:3000/zh:0
[  155388ms] [WARNING] The resource http://localhost:3000/_next/static/css/app/%5Blocale%5D/layout.css?v=1773598385674 was preloaded using link preload but not used within a few seconds from the window's load event. Please make sure it has an appropriate `as` value and it is preloaded intentionally. @ http://localhost:3000/zh:0
[  155388ms] [WARNING] The resource http://localhost:3000/_next/static/css/app/%5Blocale%5D/layout.css?v=1773598380181 was preloaded using link preload but not used within a few seconds from the window's load event. Please make sure it has an appropriate `as` value and it is preloaded intentionally. @ http://localhost:3000/zh:0
[  155388ms] [WARNING] The resource http://localhost:3000/_next/static/css/app/%5Blocale%5D/layout.css?v=1773598387410 was preloaded using link preload but not used within a few seconds from the window's load event. Please make sure it has an appropriate `as` value and it is preloaded intentionally. @ http://localhost:3000/zh:0
[  158474ms] [WARNING] The resource http://localhost:3000/_next/static/css/app/%5Blocale%5D/layout.css?v=1773598386655 was preloaded using link preload but not used within a few seconds from the window's load event. Please make sure it has an appropriate `as` value and it is preloaded intentionally. @ http://localhost:3000/zh:0
[  158474ms] [WARNING] The resource http://localhost:3000/_next/static/css/app/%5Blocale%5D/layout.css?v=1773598385674 was preloaded using link preload but not used within a few seconds from the window's load event. Please make sure it has an appropriate `as` value and it is preloaded intentionally. @ http://localhost:3000/zh:0
[  158474ms] [WARNING] The resource http://localhost:3000/_next/static/css/app/%5Blocale%5D/layout.css?v=1773598380181 was preloaded using link preload but not used within a few seconds from the window's load event. Please make sure it has an appropriate `as` value and it is preloaded intentionally. @ http://localhost:3000/zh:0
[  158474ms] [WARNING] The resource http://localhost:3000/_next/static/css/app/%5Blocale%5D/layout.css?v=1773598387410 was preloaded using link preload but not used within a few seconds from the window's load event. Please make sure it has an appropriate `as` value and it is preloaded intentionally. @ http://localhost:3000/zh:0
[  161571ms] [WARNING] The resource http://localhost:3000/_next/static/css/app/%5Blocale%5D/layout.css?v=1773598386655 was preloaded using link preload but not used within a few seconds from the window's load event. Please make sure it has an appropriate `as` value and it is preloaded intentionally. @ http://localhost:3000/zh:0
[  161571ms] [WARNING] The resource http://localhost:3000/_next/static/css/app/%5Blocale%5D/layout.css?v=1773598385674 was preloaded using link preload but not used within a few seconds from the window's load event. Please make sure it has an appropriate `as` value and it is preloaded intentionally. @ http://localhost:3000/zh:0
[  161571ms] [WARNING] The resource http://localhost:3000/_next/static/css/app/%5Blocale%5D/layout.css?v=1773598380181 was preloaded using link preload but not used within a few seconds from the window's load event. Please make sure it has an appropriate `as` value and it is preloaded intentionally. @ http://localhost:3000/zh:0
[  161571ms] [WARNING] The resource http://localhost:3000/_next/static/css/app/%5Blocale%5D/layout.css?v=1773598387410 was preloaded using link preload but not used within a few seconds from the window's load event. Please make sure it has an appropriate `as` value and it is preloaded intentionally. @ http://localhost:3000/zh:0
[  164728ms] [WARNING] The resource http://localhost:3000/_next/static/css/app/%5Blocale%5D/layout.css?v=1773598386655 was preloaded using link preload but not used within a few seconds from the window's load event. Please make sure it has an appropriate `as` value and it is preloaded intentionally. @ http://localhost:3000/zh:0
[  164728ms] [WARNING] The resource http://localhost:3000/_next/static/css/app/%5Blocale%5D/layout.css?v=1773598385674 was preloaded using link preload but not used within a few seconds from the window's load event. Please make sure it has an appropriate `as` value and it is preloaded intentionally. @ http://localhost:3000/zh:0
[  164728ms] [WARNING] The resource http://localhost:3000/_next/static/css/app/%5Blocale%5D/layout.css?v=1773598380181 was preloaded using link preload but not used within a few seconds from the window's load event. Please make sure it has an appropriate `as` value and it is preloaded intentionally. @ http://localhost:3000/zh:0
[  164728ms] [WARNING] The resource http://localhost:3000/_next/static/css/app/%5Blocale%5D/layout.css?v=1773598387410 was preloaded using link preload but not used within a few seconds from the window's load event. Please make sure it has an appropriate `as` value and it is preloaded intentionally. @ http://localhost:3000/zh:0
[  167823ms] [WARNING] The resource http://localhost:3000/_next/static/css/app/%5Blocale%5D/layout.css?v=1773598386655 was preloaded using link preload but not used within a few seconds from the window's load event. Please make sure it has an appropriate `as` value and it is preloaded intentionally. @ http://localhost:3000/zh:0
[  167823ms] [WARNING] The resource http://localhost:3000/_next/static/css/app/%5Blocale%5D/layout.css?v=1773598385674 was preloaded using link preload but not used within a few seconds from the window's load event. Please make sure it has an appropriate `as` value and it is preloaded intentionally. @ http://localhost:3000/zh:0
[  167823ms] [WARNING] The resource http://localhost:3000/_next/static/css/app/%5Blocale%5D/layout.css?v=1773598380181 was preloaded using link preload but not used within a few seconds from the window's load event. Please make sure it has an appropriate `as` value and it is preloaded intentionally. @ http://localhost:3000/zh:0
[  167823ms] [WARNING] The resource http://localhost:3000/_next/static/css/app/%5Blocale%5D/layout.css?v=1773598387410 was preloaded using link preload but not used within a few seconds from the window's load event. Please make sure it has an appropriate `as` value and it is preloaded intentionally. @ http://localhost:3000/zh:0
[  170912ms] [WARNING] The resource http://localhost:3000/_next/static/css/app/%5Blocale%5D/layout.css?v=1773598386655 was preloaded using link preload but not used within a few seconds from the window's load event. Please make sure it has an appropriate `as` value and it is preloaded intentionally. @ http://localhost:3000/zh:0
[  170912ms] [WARNING] The resource http://localhost:3000/_next/static/css/app/%5Blocale%5D/layout.css?v=1773598385674 was preloaded using link preload but not used within a few seconds from the window's load event. Please make sure it has an appropriate `as` value and it is preloaded intentionally. @ http://localhost:3000/zh:0
[  170912ms] [WARNING] The resource http://localhost:3000/_next/static/css/app/%5Blocale%5D/layout.css?v=1773598380181 was preloaded using link preload but not used within a few seconds from the window's load event. Please make sure it has an appropriate `as` value and it is preloaded intentionally. @ http://localhost:3000/zh:0
[  170912ms] [WARNING] The resource http://localhost:3000/_next/static/css/app/%5Blocale%5D/layout.css?v=1773598387410 was preloaded using link preload but not used within a few seconds from the window's load event. Please make sure it has an appropriate `as` value and it is preloaded intentionally. @ http://localhost:3000/zh:0
[  174187ms] [WARNING] The resource http://localhost:3000/_next/static/css/app/%5Blocale%5D/layout.css?v=1773598386655 was preloaded using link preload but not used within a few seconds from the window's load event. Please make sure it has an appropriate `as` value and it is preloaded intentionally. @ http://localhost:3000/zh:0
[  174187ms] [WARNING] The resource http://localhost:3000/_next/static/css/app/%5Blocale%5D/layout.css?v=1773598385674 was preloaded using link preload but not used within a few seconds from the window's load event. Please make sure it has an appropriate `as` value and it is preloaded intentionally. @ http://localhost:3000/zh:0
[  174187ms] [WARNING] The resource http://localhost:3000/_next/static/css/app/%5Blocale%5D/layout.css?v=1773598380181 was preloaded using link preload but not used within a few seconds from the window's load event. Please make sure it has an appropriate `as` value and it is preloaded intentionally. @ http://localhost:3000/zh:0
[  174187ms] [WARNING] The resource http://localhost:3000/_next/static/css/app/%5Blocale%5D/layout.css?v=1773598387410 was preloaded using link preload but not used within a few seconds from the window's load event. Please make sure it has an appropriate `as` value and it is preloaded intentionally. @ http://localhost:3000/zh:0
[  177379ms] [WARNING] The resource http://localhost:3000/_next/static/css/app/%5Blocale%5D/layout.css?v=1773598386655 was preloaded using link preload but not used within a few seconds from the window's load event. Please make sure it has an appropriate `as` value and it is preloaded intentionally. @ http://localhost:3000/zh:0
[  177379ms] [WARNING] The resource http://localhost:3000/_next/static/css/app/%5Blocale%5D/layout.css?v=1773598385674 was preloaded using link preload but not used within a few seconds from the window's load event. Please make sure it has an appropriate `as` value and it is preloaded intentionally. @ http://localhost:3000/zh:0
[  177379ms] [WARNING] The resource http://localhost:3000/_next/static/css/app/%5Blocale%5D/layout.css?v=1773598380181 was preloaded using link preload but not used within a few seconds from the window's load event. Please make sure it has an appropriate `as` value and it is preloaded intentionally. @ http://localhost:3000/zh:0
[  177379ms] [WARNING] The resource http://localhost:3000/_next/static/css/app/%5Blocale%5D/layout.css?v=1773598387410 was preloaded using link preload but not used within a few seconds from the window's load event. Please make sure it has an appropriate `as` value and it is preloaded intentionally. @ http://localhost:3000/zh:0
[  180574ms] [WARNING] The resource http://localhost:3000/_next/static/css/app/%5Blocale%5D/layout.css?v=1773598386655 was preloaded using link preload but not used within a few seconds from the window's load event. Please make sure it has an appropriate `as` value and it is preloaded intentionally. @ http://localhost:3000/zh:0
[  180574ms] [WARNING] The resource http://localhost:3000/_next/static/css/app/%5Blocale%5D/layout.css?v=1773598385674 was preloaded using link preload but not used within a few seconds from the window's load event. Please make sure it has an appropriate `as` value and it is preloaded intentionally. @ http://localhost:3000/zh:0
[  180574ms] [WARNING] The resource http://localhost:3000/_next/static/css/app/%5Blocale%5D/layout.css?v=1773598380181 was preloaded using link preload but not used within a few seconds from the window's load event. Please make sure it has an appropriate `as` value and it is preloaded intentionally. @ http://localhost:3000/zh:0
[  180574ms] [WARNING] The resource http://localhost:3000/_next/static/css/app/%5Blocale%5D/layout.css?v=1773598387410 was preloaded using link preload but not used within a few seconds from the window's load event. Please make sure it has an appropriate `as` value and it is preloaded intentionally. @ http://localhost:3000/zh:0
[  183673ms] [WARNING] The resource http://localhost:3000/_next/static/css/app/%5Blocale%5D/layout.css?v=1773598386655 was preloaded using link preload but not used within a few seconds from the window's load event. Please make sure it has an appropriate `as` value and it is preloaded intentionally. @ http://localhost:3000/zh:0
[  183674ms] [WARNING] The resource http://localhost:3000/_next/static/css/app/%5Blocale%5D/layout.css?v=1773598385674 was preloaded using link preload but not used within a few seconds from the window's load event. Please make sure it has an appropriate `as` value and it is preloaded intentionally. @ http://localhost:3000/zh:0
[  183674ms] [WARNING] The resource http://localhost:3000/_next/static/css/app/%5Blocale%5D/layout.css?v=1773598380181 was preloaded using link preload but not used within a few seconds from the window's load event. Please make sure it has an appropriate `as` value and it is preloaded intentionally. @ http://localhost:3000/zh:0
[  183674ms] [WARNING] The resource http://localhost:3000/_next/static/css/app/%5Blocale%5D/layout.css?v=1773598387410 was preloaded using link preload but not used within a few seconds from the window's load event. Please make sure it has an appropriate `as` value and it is preloaded intentionally. @ http://localhost:3000/zh:0
[  186768ms] [WARNING] The resource http://localhost:3000/_next/static/css/app/%5Blocale%5D/layout.css?v=1773598386655 was preloaded using link preload but not used within a few seconds from the window's load event. Please make sure it has an appropriate `as` value and it is preloaded intentionally. @ http://localhost:3000/zh:0
[  186768ms] [WARNING] The resource http://localhost:3000/_next/static/css/app/%5Blocale%5D/layout.css?v=1773598385674 was preloaded using link preload but not used within a few seconds from the window's load event. Please make sure it has an appropriate `as` value and it is preloaded intentionally. @ http://localhost:3000/zh:0
[  186768ms] [WARNING] The resource http://localhost:3000/_next/static/css/app/%5Blocale%5D/layout.css?v=1773598380181 was preloaded using link preload but not used within a few seconds from the window's load event. Please make sure it has an appropriate `as` value and it is preloaded intentionally. @ http://localhost:3000/zh:0
[  186768ms] [WARNING] The resource http://localhost:3000/_next/static/css/app/%5Blocale%5D/layout.css?v=1773598387410 was preloaded using link preload but not used within a few seconds from the window's load event. Please make sure it has an appropriate `as` value and it is preloaded intentionally. @ http://localhost:3000/zh:0
[  189865ms] [WARNING] The resource http://localhost:3000/_next/static/css/app/%5Blocale%5D/layout.css?v=1773598386655 was preloaded using link preload but not used within a few seconds from the window's load event. Please make sure it has an appropriate `as` value and it is preloaded intentionally. @ http://localhost:3000/zh:0
[  189865ms] [WARNING] The resource http://localhost:3000/_next/static/css/app/%5Blocale%5D/layout.css?v=1773598385674 was preloaded using link preload but not used within a few seconds from the window's load event. Please make sure it has an appropriate `as` value and it is preloaded intentionally. @ http://localhost:3000/zh:0
[  189865ms] [WARNING] The resource http://localhost:3000/_next/static/css/app/%5Blocale%5D/layout.css?v=1773598380181 was preloaded using link preload but not used within a few seconds from the window's load event. Please make sure it has an appropriate `as` value and it is preloaded intentionally. @ http://localhost:3000/zh:0
[  189865ms] [WARNING] The resource http://localhost:3000/_next/static/css/app/%5Blocale%5D/layout.css?v=1773598387410 was preloaded using link preload but not used within a few seconds from the window's load event. Please make sure it has an appropriate `as` value and it is preloaded intentionally. @ http://localhost:3000/zh:0
[  192956ms] [WARNING] The resource http://localhost:3000/_next/static/css/app/%5Blocale%5D/layout.css?v=1773598386655 was preloaded using link preload but not used within a few seconds from the window's load event. Please make sure it has an appropriate `as` value and it is preloaded intentionally. @ http://localhost:3000/zh:0
[  192956ms] [WARNING] The resource http://localhost:3000/_next/static/css/app/%5Blocale%5D/layout.css?v=1773598385674 was preloaded using link preload but not used within a few seconds from the window's load event. Please make sure it has an appropriate `as` value and it is preloaded intentionally. @ http://localhost:3000/zh:0
[  192956ms] [WARNING] The resource http://localhost:3000/_next/static/css/app/%5Blocale%5D/layout.css?v=1773598380181 was preloaded using link preload but not used within a few seconds from the window's load event. Please make sure it has an appropriate `as` value and it is preloaded intentionally. @ http://localhost:3000/zh:0
[  192956ms] [WARNING] The resource http://localhost:3000/_next/static/css/app/%5Blocale%5D/layout.css?v=1773598387410 was preloaded using link preload but not used within a few seconds from the window's load event. Please make sure it has an appropriate `as` value and it is preloaded intentionally. @ http://localhost:3000/zh:0
[  196059ms] [WARNING] The resource http://localhost:3000/_next/static/css/app/%5Blocale%5D/layout.css?v=1773598386655 was preloaded using link preload but not used within a few seconds from the window's load event. Please make sure it has an appropriate `as` value and it is preloaded intentionally. @ http://localhost:3000/zh:0
[  196060ms] [WARNING] The resource http://localhost:3000/_next/static/css/app/%5Blocale%5D/layout.css?v=1773598385674 was preloaded using link preload but not used within a few seconds from the window's load event. Please make sure it has an appropriate `as` value and it is preloaded intentionally. @ http://localhost:3000/zh:0
[  196060ms] [WARNING] The resource http://localhost:3000/_next/static/css/app/%5Blocale%5D/layout.css?v=1773598380181 was preloaded using link preload but not used within a few seconds from the window's load event. Please make sure it has an appropriate `as` value and it is preloaded intentionally. @ http://localhost:3000/zh:0
[  196060ms] [WARNING] The resource http://localhost:3000/_next/static/css/app/%5Blocale%5D/layout.css?v=1773598387410 was preloaded using link preload but not used within a few seconds from the window's load event. Please make sure it has an appropriate `as` value and it is preloaded intentionally. @ http://localhost:3000/zh:0
[  199165ms] [WARNING] The resource http://localhost:3000/_next/static/css/app/%5Blocale%5D/layout.css?v=1773598386655 was preloaded using link preload but not used within a few seconds from the window's load event. Please make sure it has an appropriate `as` value and it is preloaded intentionally. @ http://localhost:3000/zh:0
[  199165ms] [WARNING] The resource http://localhost:3000/_next/static/css/app/%5Blocale%5D/layout.css?v=1773598385674 was preloaded using link preload but not used within a few seconds from the window's load event. Please make sure it has an appropriate `as` value and it is preloaded intentionally. @ http://localhost:3000/zh:0
[  199165ms] [WARNING] The resource http://localhost:3000/_next/static/css/app/%5Blocale%5D/layout.css?v=1773598380181 was preloaded using link preload but not used within a few seconds from the window's load event. Please make sure it has an appropriate `as` value and it is preloaded intentionally. @ http://localhost:3000/zh:0
[  199165ms] [WARNING] The resource http://localhost:3000/_next/static/css/app/%5Blocale%5D/layout.css?v=1773598387410 was preloaded using link preload but not used within a few seconds from the window's load event. Please make sure it has an appropriate `as` value and it is preloaded intentionally. @ http://localhost:3000/zh:0
[  202282ms] [WARNING] The resource http://localhost:3000/_next/static/css/app/%5Blocale%5D/layout.css?v=1773598386655 was preloaded using link preload but not used within a few seconds from the window's load event. Please make sure it has an appropriate `as` value and it is preloaded intentionally. @ http://localhost:3000/zh:0
[  202282ms] [WARNING] The resource http://localhost:3000/_next/static/css/app/%5Blocale%5D/layout.css?v=1773598385674 was preloaded using link preload but not used within a few seconds from the window's load event. Please make sure it has an appropriate `as` value and it is preloaded intentionally. @ http://localhost:3000/zh:0
[  202282ms] [WARNING] The resource http://localhost:3000/_next/static/css/app/%5Blocale%5D/layout.css?v=1773598380181 was preloaded using link preload but not used within a few seconds from the window's load event. Please make sure it has an appropriate `as` value and it is preloaded intentionally. @ http://localhost:3000/zh:0
[  202282ms] [WARNING] The resource http://localhost:3000/_next/static/css/app/%5Blocale%5D/layout.css?v=1773598387410 was preloaded using link preload but not used within a few seconds from the window's load event. Please make sure it has an appropriate `as` value and it is preloaded intentionally. @ http://localhost:3000/zh:0
[  205430ms] [WARNING] The resource http://localhost:3000/_next/static/css/app/%5Blocale%5D/layout.css?v=1773598386655 was preloaded using link preload but not used within a few seconds from the window's load event. Please make sure it has an appropriate `as` value and it is preloaded intentionally. @ http://localhost:3000/zh:0
[  205430ms] [WARNING] The resource http://localhost:3000/_next/static/css/app/%5Blocale%5D/layout.css?v=1773598385674 was preloaded using link preload but not used within a few seconds from the window's load event. Please make sure it has an appropriate `as` value and it is preloaded intentionally. @ http://localhost:3000/zh:0
[  205430ms] [WARNING] The resource http://localhost:3000/_next/static/css/app/%5Blocale%5D/layout.css?v=1773598380181 was preloaded using link preload but not used within a few seconds from the window's load event. Please make sure it has an appropriate `as` value and it is preloaded intentionally. @ http://localhost:3000/zh:0
[  205430ms] [WARNING] The resource http://localhost:3000/_next/static/css/app/%5Blocale%5D/layout.css?v=1773598387410 was preloaded using link preload but not used within a few seconds from the window's load event. Please make sure it has an appropriate `as` value and it is preloaded intentionally. @ http://localhost:3000/zh:0
[  208518ms] [WARNING] The resource http://localhost:3000/_next/static/css/app/%5Blocale%5D/layout.css?v=1773598386655 was preloaded using link preload but not used within a few seconds from the window's load event. Please make sure it has an appropriate `as` value and it is preloaded intentionally. @ http://localhost:3000/zh:0
[  208518ms] [WARNING] The resource http://localhost:3000/_next/static/css/app/%5Blocale%5D/layout.css?v=1773598385674 was preloaded using link preload but not used within a few seconds from the window's load event. Please make sure it has an appropriate `as` value and it is preloaded intentionally. @ http://localhost:3000/zh:0
[  208518ms] [WARNING] The resource http://localhost:3000/_next/static/css/app/%5Blocale%5D/layout.css?v=1773598380181 was preloaded using link preload but not used within a few seconds from the window's load event. Please make sure it has an appropriate `as` value and it is preloaded intentionally. @ http://localhost:3000/zh:0
[  208518ms] [WARNING] The resource http://localhost:3000/_next/static/css/app/%5Blocale%5D/layout.css?v=1773598387410 was preloaded using link preload but not used within a few seconds from the window's load event. Please make sure it has an appropriate `as` value and it is preloaded intentionally. @ http://localhost:3000/zh:0
[  211630ms] [WARNING] The resource http://localhost:3000/_next/static/css/app/%5Blocale%5D/layout.css?v=1773598386655 was preloaded using link preload but not used within a few seconds from the window's load event. Please make sure it has an appropriate `as` value and it is preloaded intentionally. @ http://localhost:3000/zh:0
[  211630ms] [WARNING] The resource http://localhost:3000/_next/static/css/app/%5Blocale%5D/layout.css?v=1773598385674 was preloaded using link preload but not used within a few seconds from the window's load event. Please make sure it has an appropriate `as` value and it is preloaded intentionally. @ http://localhost:3000/zh:0
[  211630ms] [WARNING] The resource http://localhost:3000/_next/static/css/app/%5Blocale%5D/layout.css?v=1773598380181 was preloaded using link preload but not used within a few seconds from the window's load event. Please make sure it has an appropriate `as` value and it is preloaded intentionally. @ http://localhost:3000/zh:0
[  211630ms] [WARNING] The resource http://localhost:3000/_next/static/css/app/%5Blocale%5D/layout.css?v=1773598387410 was preloaded using link preload but not used within a few seconds from the window's load event. Please make sure it has an appropriate `as` value and it is preloaded intentionally. @ http://localhost:3000/zh:0
[  214766ms] [WARNING] The resource http://localhost:3000/_next/static/css/app/%5Blocale%5D/layout.css?v=1773598386655 was preloaded using link preload but not used within a few seconds from the window's load event. Please make sure it has an appropriate `as` value and it is preloaded intentionally. @ http://localhost:3000/zh:0
[  214766ms] [WARNING] The resource http://localhost:3000/_next/static/css/app/%5Blocale%5D/layout.css?v=1773598385674 was preloaded using link preload but not used within a few seconds from the window's load event. Please make sure it has an appropriate `as` value and it is preloaded intentionally. @ http://localhost:3000/zh:0
[  214766ms] [WARNING] The resource http://localhost:3000/_next/static/css/app/%5Blocale%5D/layout.css?v=1773598380181 was preloaded using link preload but not used within a few seconds from the window's load event. Please make sure it has an appropriate `as` value and it is preloaded intentionally. @ http://localhost:3000/zh:0
[  214766ms] [WARNING] The resource http://localhost:3000/_next/static/css/app/%5Blocale%5D/layout.css?v=1773598387410 was preloaded using link preload but not used within a few seconds from the window's load event. Please make sure it has an appropriate `as` value and it is preloaded intentionally. @ http://localhost:3000/zh:0
[  217891ms] [WARNING] The resource http://localhost:3000/_next/static/css/app/%5Blocale%5D/layout.css?v=1773598386655 was preloaded using link preload but not used within a few seconds from the window's load event. Please make sure it has an appropriate `as` value and it is preloaded intentionally. @ http://localhost:3000/zh:0
[  217891ms] [WARNING] The resource http://localhost:3000/_next/static/css/app/%5Blocale%5D/layout.css?v=1773598385674 was preloaded using link preload but not used within a few seconds from the window's load event. Please make sure it has an appropriate `as` value and it is preloaded intentionally. @ http://localhost:3000/zh:0
[  217891ms] [WARNING] The resource http://localhost:3000/_next/static/css/app/%5Blocale%5D/layout.css?v=1773598380181 was preloaded using link preload but not used within a few seconds from the window's load event. Please make sure it has an appropriate `as` value and it is preloaded intentionally. @ http://localhost:3000/zh:0
[  217891ms] [WARNING] The resource http://localhost:3000/_next/static/css/app/%5Blocale%5D/layout.css?v=1773598387410 was preloaded using link preload but not used within a few seconds from the window's load event. Please make sure it has an appropriate `as` value and it is preloaded intentionally. @ http://localhost:3000/zh:0
[  221013ms] [WARNING] The resource http://localhost:3000/_next/static/css/app/%5Blocale%5D/layout.css?v=1773598386655 was preloaded using link preload but not used within a few seconds from the window's load event. Please make sure it has an appropriate `as` value and it is preloaded intentionally. @ http://localhost:3000/zh:0
[  221013ms] [WARNING] The resource http://localhost:3000/_next/static/css/app/%5Blocale%5D/layout.css?v=1773598385674 was preloaded using link preload but not used within a few seconds from the window's load event. Please make sure it has an appropriate `as` value and it is preloaded intentionally. @ http://localhost:3000/zh:0
[  221013ms] [WARNING] The resource http://localhost:3000/_next/static/css/app/%5Blocale%5D/layout.css?v=1773598380181 was preloaded using link preload but not used within a few seconds from the window's load event. Please make sure it has an appropriate `as` value and it is preloaded intentionally. @ http://localhost:3000/zh:0
[  221013ms] [WARNING] The resource http://localhost:3000/_next/static/css/app/%5Blocale%5D/layout.css?v=1773598387410 was preloaded using link preload but not used within a few seconds from the window's load event. Please make sure it has an appropriate `as` value and it is preloaded intentionally. @ http://localhost:3000/zh:0
[  224134ms] [WARNING] The resource http://localhost:3000/_next/static/css/app/%5Blocale%5D/layout.css?v=1773598386655 was preloaded using link preload but not used within a few seconds from the window's load event. Please make sure it has an appropriate `as` value and it is preloaded intentionally. @ http://localhost:3000/zh:0
[  224134ms] [WARNING] The resource http://localhost:3000/_next/static/css/app/%5Blocale%5D/layout.css?v=1773598385674 was preloaded using link preload but not used within a few seconds from the window's load event. Please make sure it has an appropriate `as` value and it is preloaded intentionally. @ http://localhost:3000/zh:0
[  224134ms] [WARNING] The resource http://localhost:3000/_next/static/css/app/%5Blocale%5D/layout.css?v=1773598380181 was preloaded using link preload but not used within a few seconds from the window's load event. Please make sure it has an appropriate `as` value and it is preloaded intentionally. @ http://localhost:3000/zh:0
[  224134ms] [WARNING] The resource http://localhost:3000/_next/static/css/app/%5Blocale%5D/layout.css?v=1773598387410 was preloaded using link preload but not used within a few seconds from the window's load event. Please make sure it has an appropriate `as` value and it is preloaded intentionally. @ http://localhost:3000/zh:0
[  227254ms] [WARNING] The resource http://localhost:3000/_next/static/css/app/%5Blocale%5D/layout.css?v=1773598386655 was preloaded using link preload but not used within a few seconds from the window's load event. Please make sure it has an appropriate `as` value and it is preloaded intentionally. @ http://localhost:3000/zh:0
[  227254ms] [WARNING] The resource http://localhost:3000/_next/static/css/app/%5Blocale%5D/layout.css?v=1773598385674 was preloaded using link preload but not used within a few seconds from the window's load event. Please make sure it has an appropriate `as` value and it is preloaded intentionally. @ http://localhost:3000/zh:0
[  227254ms] [WARNING] The resource http://localhost:3000/_next/static/css/app/%5Blocale%5D/layout.css?v=1773598380181 was preloaded using link preload but not used within a few seconds from the window's load event. Please make sure it has an appropriate `as` value and it is preloaded intentionally. @ http://localhost:3000/zh:0
[  227254ms] [WARNING] The resource http://localhost:3000/_next/static/css/app/%5Blocale%5D/layout.css?v=1773598387410 was preloaded using link preload but not used within a few seconds from the window's load event. Please make sure it has an appropriate `as` value and it is preloaded intentionally. @ http://localhost:3000/zh:0
[  230339ms] [WARNING] The resource http://localhost:3000/_next/static/css/app/%5Blocale%5D/layout.css?v=1773598386655 was preloaded using link preload but not used within a few seconds from the window's load event. Please make sure it has an appropriate `as` value and it is preloaded intentionally. @ http://localhost:3000/zh:0
[  230339ms] [WARNING] The resource http://localhost:3000/_next/static/css/app/%5Blocale%5D/layout.css?v=1773598385674 was preloaded using link preload but not used within a few seconds from the window's load event. Please make sure it has an appropriate `as` value and it is preloaded intentionally. @ http://localhost:3000/zh:0
[  230339ms] [WARNING] The resource http://localhost:3000/_next/static/css/app/%5Blocale%5D/layout.css?v=1773598380181 was preloaded using link preload but not used within a few seconds from the window's load event. Please make sure it has an appropriate `as` value and it is preloaded intentionally. @ http://localhost:3000/zh:0
[  230339ms] [WARNING] The resource http://localhost:3000/_next/static/css/app/%5Blocale%5D/layout.css?v=1773598387410 was preloaded using link preload but not used within a few seconds from the window's load event. Please make sure it has an appropriate `as` value and it is preloaded intentionally. @ http://localhost:3000/zh:0
[  233454ms] [WARNING] The resource http://localhost:3000/_next/static/css/app/%5Blocale%5D/layout.css?v=1773598386655 was preloaded using link preload but not used within a few seconds from the window's load event. Please make sure it has an appropriate `as` value and it is preloaded intentionally. @ http://localhost:3000/zh:0
[  233454ms] [WARNING] The resource http://localhost:3000/_next/static/css/app/%5Blocale%5D/layout.css?v=1773598385674 was preloaded using link preload but not used within a few seconds from the window's load event. Please make sure it has an appropriate `as` value and it is preloaded intentionally. @ http://localhost:3000/zh:0
[  233455ms] [WARNING] The resource http://localhost:3000/_next/static/css/app/%5Blocale%5D/layout.css?v=1773598380181 was preloaded using link preload but not used within a few seconds from the window's load event. Please make sure it has an appropriate `as` value and it is preloaded intentionally. @ http://localhost:3000/zh:0
[  233455ms] [WARNING] The resource http://localhost:3000/_next/static/css/app/%5Blocale%5D/layout.css?v=1773598387410 was preloaded using link preload but not used within a few seconds from the window's load event. Please make sure it has an appropriate `as` value and it is preloaded intentionally. @ http://localhost:3000/zh:0
[  239106ms] [WARNING] The resource http://localhost:3000/_next/static/css/app/%5Blocale%5D/layout.css?v=1773598386655 was preloaded using link preload but not used within a few seconds from the window's load event. Please make sure it has an appropriate `as` value and it is preloaded intentionally. @ http://localhost:3000/zh:0
[  239106ms] [WARNING] The resource http://localhost:3000/_next/static/css/app/%5Blocale%5D/layout.css?v=1773598385674 was preloaded using link preload but not used within a few seconds from the window's load event. Please make sure it has an appropriate `as` value and it is preloaded intentionally. @ http://localhost:3000/zh:0
[  239106ms] [WARNING] The resource http://localhost:3000/_next/static/css/app/%5Blocale%5D/layout.css?v=1773598380181 was preloaded using link preload but not used within a few seconds from the window's load event. Please make sure it has an appropriate `as` value and it is preloaded intentionally. @ http://localhost:3000/zh:0
[  239106ms] [WARNING] The resource http://localhost:3000/_next/static/css/app/%5Blocale%5D/layout.css?v=1773598387410 was preloaded using link preload but not used within a few seconds from the window's load event. Please make sure it has an appropriate `as` value and it is preloaded intentionally. @ http://localhost:3000/zh:0
[  242237ms] [WARNING] The resource http://localhost:3000/_next/static/css/app/%5Blocale%5D/layout.css?v=1773598386655 was preloaded using link preload but not used within a few seconds from the window's load event. Please make sure it has an appropriate `as` value and it is preloaded intentionally. @ http://localhost:3000/zh:0
[  242237ms] [WARNING] The resource http://localhost:3000/_next/static/css/app/%5Blocale%5D/layout.css?v=1773598385674 was preloaded using link preload but not used within a few seconds from the window's load event. Please make sure it has an appropriate `as` value and it is preloaded intentionally. @ http://localhost:3000/zh:0
[  242237ms] [WARNING] The resource http://localhost:3000/_next/static/css/app/%5Blocale%5D/layout.css?v=1773598380181 was preloaded using link preload but not used within a few seconds from the window's load event. Please make sure it has an appropriate `as` value and it is preloaded intentionally. @ http://localhost:3000/zh:0
[  242237ms] [WARNING] The resource http://localhost:3000/_next/static/css/app/%5Blocale%5D/layout.css?v=1773598387410 was preloaded using link preload but not used within a few seconds from the window's load event. Please make sure it has an appropriate `as` value and it is preloaded intentionally. @ http://localhost:3000/zh:0
[  245321ms] [WARNING] The resource http://localhost:3000/_next/static/css/app/%5Blocale%5D/layout.css?v=1773598386655 was preloaded using link preload but not used within a few seconds from the window's load event. Please make sure it has an appropriate `as` value and it is preloaded intentionally. @ http://localhost:3000/zh:0
[  245321ms] [WARNING] The resource http://localhost:3000/_next/static/css/app/%5Blocale%5D/layout.css?v=1773598385674 was preloaded using link preload but not used within a few seconds from the window's load event. Please make sure it has an appropriate `as` value and it is preloaded intentionally. @ http://localhost:3000/zh:0
[  245321ms] [WARNING] The resource http://localhost:3000/_next/static/css/app/%5Blocale%5D/layout.css?v=1773598380181 was preloaded using link preload but not used within a few seconds from the window's load event. Please make sure it has an appropriate `as` value and it is preloaded intentionally. @ http://localhost:3000/zh:0
[  245321ms] [WARNING] The resource http://localhost:3000/_next/static/css/app/%5Blocale%5D/layout.css?v=1773598387410 was preloaded using link preload but not used within a few seconds from the window's load event. Please make sure it has an appropriate `as` value and it is preloaded intentionally. @ http://localhost:3000/zh:0
[  248406ms] [WARNING] The resource http://localhost:3000/_next/static/css/app/%5Blocale%5D/layout.css?v=1773598386655 was preloaded using link preload but not used within a few seconds from the window's load event. Please make sure it has an appropriate `as` value and it is preloaded intentionally. @ http://localhost:3000/zh:0
[  248406ms] [WARNING] The resource http://localhost:3000/_next/static/css/app/%5Blocale%5D/layout.css?v=1773598385674 was preloaded using link preload but not used within a few seconds from the window's load event. Please make sure it has an appropriate `as` value and it is preloaded intentionally. @ http://localhost:3000/zh:0
[  248406ms] [WARNING] The resource http://localhost:3000/_next/static/css/app/%5Blocale%5D/layout.css?v=1773598380181 was preloaded using link preload but not used within a few seconds from the window's load event. Please make sure it has an appropriate `as` value and it is preloaded intentionally. @ http://localhost:3000/zh:0
[  248406ms] [WARNING] The resource http://localhost:3000/_next/static/css/app/%5Blocale%5D/layout.css?v=1773598387410 was preloaded using link preload but not used within a few seconds from the window's load event. Please make sure it has an appropriate `as` value and it is preloaded intentionally. @ http://localhost:3000/zh:0
[  251519ms] [WARNING] The resource http://localhost:3000/_next/static/css/app/%5Blocale%5D/layout.css?v=1773598386655 was preloaded using link preload but not used within a few seconds from the window's load event. Please make sure it has an appropriate `as` value and it is preloaded intentionally. @ http://localhost:3000/zh:0
[  251519ms] [WARNING] The resource http://localhost:3000/_next/static/css/app/%5Blocale%5D/layout.css?v=1773598385674 was preloaded using link preload but not used within a few seconds from the window's load event. Please make sure it has an appropriate `as` value and it is preloaded intentionally. @ http://localhost:3000/zh:0
[  251519ms] [WARNING] The resource http://localhost:3000/_next/static/css/app/%5Blocale%5D/layout.css?v=1773598380181 was preloaded using link preload but not used within a few seconds from the window's load event. Please make sure it has an appropriate `as` value and it is preloaded intentionally. @ http://localhost:3000/zh:0
[  251519ms] [WARNING] The resource http://localhost:3000/_next/static/css/app/%5Blocale%5D/layout.css?v=1773598387410 was preloaded using link preload but not used within a few seconds from the window's load event. Please make sure it has an appropriate `as` value and it is preloaded intentionally. @ http://localhost:3000/zh:0
[  254645ms] [WARNING] The resource http://localhost:3000/_next/static/css/app/%5Blocale%5D/layout.css?v=1773598386655 was preloaded using link preload but not used within a few seconds from the window's load event. Please make sure it has an appropriate `as` value and it is preloaded intentionally. @ http://localhost:3000/zh:0
[  254645ms] [WARNING] The resource http://localhost:3000/_next/static/css/app/%5Blocale%5D/layout.css?v=1773598385674 was preloaded using link preload but not used within a few seconds from the window's load event. Please make sure it has an appropriate `as` value and it is preloaded intentionally. @ http://localhost:3000/zh:0
[  254645ms] [WARNING] The resource http://localhost:3000/_next/static/css/app/%5Blocale%5D/layout.css?v=1773598380181 was preloaded using link preload but not used within a few seconds from the window's load event. Please make sure it has an appropriate `as` value and it is preloaded intentionally. @ http://localhost:3000/zh:0
[  254645ms] [WARNING] The resource http://localhost:3000/_next/static/css/app/%5Blocale%5D/layout.css?v=1773598387410 was preloaded using link preload but not used within a few seconds from the window's load event. Please make sure it has an appropriate `as` value and it is preloaded intentionally. @ http://localhost:3000/zh:0
[  257784ms] [WARNING] The resource http://localhost:3000/_next/static/css/app/%5Blocale%5D/layout.css?v=1773598386655 was preloaded using link preload but not used within a few seconds from the window's load event. Please make sure it has an appropriate `as` value and it is preloaded intentionally. @ http://localhost:3000/zh:0
[  257784ms] [WARNING] The resource http://localhost:3000/_next/static/css/app/%5Blocale%5D/layout.css?v=1773598385674 was preloaded using link preload but not used within a few seconds from the window's load event. Please make sure it has an appropriate `as` value and it is preloaded intentionally. @ http://localhost:3000/zh:0
[  257784ms] [WARNING] The resource http://localhost:3000/_next/static/css/app/%5Blocale%5D/layout.css?v=1773598380181 was preloaded using link preload but not used within a few seconds from the window's load event. Please make sure it has an appropriate `as` value and it is preloaded intentionally. @ http://localhost:3000/zh:0
[  257784ms] [WARNING] The resource http://localhost:3000/_next/static/css/app/%5Blocale%5D/layout.css?v=1773598387410 was preloaded using link preload but not used within a few seconds from the window's load event. Please make sure it has an appropriate `as` value and it is preloaded intentionally. @ http://localhost:3000/zh:0
[  260905ms] [WARNING] The resource http://localhost:3000/_next/static/css/app/%5Blocale%5D/layout.css?v=1773598386655 was preloaded using link preload but not used within a few seconds from the window's load event. Please make sure it has an appropriate `as` value and it is preloaded intentionally. @ http://localhost:3000/zh:0
[  260905ms] [WARNING] The resource http://localhost:3000/_next/static/css/app/%5Blocale%5D/layout.css?v=1773598385674 was preloaded using link preload but not used within a few seconds from the window's load event. Please make sure it has an appropriate `as` value and it is preloaded intentionally. @ http://localhost:3000/zh:0
[  260905ms] [WARNING] The resource http://localhost:3000/_next/static/css/app/%5Blocale%5D/layout.css?v=1773598380181 was preloaded using link preload but not used within a few seconds from the window's load event. Please make sure it has an appropriate `as` value and it is preloaded intentionally. @ http://localhost:3000/zh:0
[  260905ms] [WARNING] The resource http://localhost:3000/_next/static/css/app/%5Blocale%5D/layout.css?v=1773598387410 was preloaded using link preload but not used within a few seconds from the window's load event. Please make sure it has an appropriate `as` value and it is preloaded intentionally. @ http://localhost:3000/zh:0
[  264007ms] [WARNING] The resource http://localhost:3000/_next/static/css/app/%5Blocale%5D/layout.css?v=1773598386655 was preloaded using link preload but not used within a few seconds from the window's load event. Please make sure it has an appropriate `as` value and it is preloaded intentionally. @ http://localhost:3000/zh:0
[  264007ms] [WARNING] The resource http://localhost:3000/_next/static/css/app/%5Blocale%5D/layout.css?v=1773598385674 was preloaded using link preload but not used within a few seconds from the window's load event. Please make sure it has an appropriate `as` value and it is preloaded intentionally. @ http://localhost:3000/zh:0
[  264007ms] [WARNING] The resource http://localhost:3000/_next/static/css/app/%5Blocale%5D/layout.css?v=1773598380181 was preloaded using link preload but not used within a few seconds from the window's load event. Please make sure it has an appropriate `as` value and it is preloaded intentionally. @ http://localhost:3000/zh:0
[  264007ms] [WARNING] The resource http://localhost:3000/_next/static/css/app/%5Blocale%5D/layout.css?v=1773598387410 was preloaded using link preload but not used within a few seconds from the window's load event. Please make sure it has an appropriate `as` value and it is preloaded intentionally. @ http://localhost:3000/zh:0
[  267097ms] [WARNING] The resource http://localhost:3000/_next/static/css/app/%5Blocale%5D/layout.css?v=1773598386655 was preloaded using link preload but not used within a few seconds from the window's load event. Please make sure it has an appropriate `as` value and it is preloaded intentionally. @ http://localhost:3000/zh:0
[  267097ms] [WARNING] The resource http://localhost:3000/_next/static/css/app/%5Blocale%5D/layout.css?v=1773598385674 was preloaded using link preload but not used within a few seconds from the window's load event. Please make sure it has an appropriate `as` value and it is preloaded intentionally. @ http://localhost:3000/zh:0
[  267097ms] [WARNING] The resource http://localhost:3000/_next/static/css/app/%5Blocale%5D/layout.css?v=1773598380181 was preloaded using link preload but not used within a few seconds from the window's load event. Please make sure it has an appropriate `as` value and it is preloaded intentionally. @ http://localhost:3000/zh:0
[  267097ms] [WARNING] The resource http://localhost:3000/_next/static/css/app/%5Blocale%5D/layout.css?v=1773598387410 was preloaded using link preload but not used within a few seconds from the window's load event. Please make sure it has an appropriate `as` value and it is preloaded intentionally. @ http://localhost:3000/zh:0
[  270194ms] [WARNING] The resource http://localhost:3000/_next/static/css/app/%5Blocale%5D/layout.css?v=1773598386655 was preloaded using link preload but not used within a few seconds from the window's load event. Please make sure it has an appropriate `as` value and it is preloaded intentionally. @ http://localhost:3000/zh:0
[  270194ms] [WARNING] The resource http://localhost:3000/_next/static/css/app/%5Blocale%5D/layout.css?v=1773598385674 was preloaded using link preload but not used within a few seconds from the window's load event. Please make sure it has an appropriate `as` value and it is preloaded intentionally. @ http://localhost:3000/zh:0
[  270194ms] [WARNING] The resource http://localhost:3000/_next/static/css/app/%5Blocale%5D/layout.css?v=1773598380181 was preloaded using link preload but not used within a few seconds from the window's load event. Please make sure it has an appropriate `as` value and it is preloaded intentionally. @ http://localhost:3000/zh:0
[  270194ms] [WARNING] The resource http://localhost:3000/_next/static/css/app/%5Blocale%5D/layout.css?v=1773598387410 was preloaded using link preload but not used within a few seconds from the window's load event. Please make sure it has an appropriate `as` value and it is preloaded intentionally. @ http://localhost:3000/zh:0
[  273307ms] [WARNING] The resource http://localhost:3000/_next/static/css/app/%5Blocale%5D/layout.css?v=1773598386655 was preloaded using link preload but not used within a few seconds from the window's load event. Please make sure it has an appropriate `as` value and it is preloaded intentionally. @ http://localhost:3000/zh:0
[  273307ms] [WARNING] The resource http://localhost:3000/_next/static/css/app/%5Blocale%5D/layout.css?v=1773598385674 was preloaded using link preload but not used within a few seconds from the window's load event. Please make sure it has an appropriate `as` value and it is preloaded intentionally. @ http://localhost:3000/zh:0
[  273307ms] [WARNING] The resource http://localhost:3000/_next/static/css/app/%5Blocale%5D/layout.css?v=1773598380181 was preloaded using link preload but not used within a few seconds from the window's load event. Please make sure it has an appropriate `as` value and it is preloaded intentionally. @ http://localhost:3000/zh:0
[  273307ms] [WARNING] The resource http://localhost:3000/_next/static/css/app/%5Blocale%5D/layout.css?v=1773598387410 was preloaded using link preload but not used within a few seconds from the window's load event. Please make sure it has an appropriate `as` value and it is preloaded intentionally. @ http://localhost:3000/zh:0
[  276396ms] [WARNING] The resource http://localhost:3000/_next/static/css/app/%5Blocale%5D/layout.css?v=1773598386655 was preloaded using link preload but not used within a few seconds from the window's load event. Please make sure it has an appropriate `as` value and it is preloaded intentionally. @ http://localhost:3000/zh:0
[  276396ms] [WARNING] The resource http://localhost:3000/_next/static/css/app/%5Blocale%5D/layout.css?v=1773598385674 was preloaded using link preload but not used within a few seconds from the window's load event. Please make sure it has an appropriate `as` value and it is preloaded intentionally. @ http://localhost:3000/zh:0
[  276396ms] [WARNING] The resource http://localhost:3000/_next/static/css/app/%5Blocale%5D/layout.css?v=1773598380181 was preloaded using link preload but not used within a few seconds from the window's load event. Please make sure it has an appropriate `as` value and it is preloaded intentionally. @ http://localhost:3000/zh:0
[  276397ms] [WARNING] The resource http://localhost:3000/_next/static/css/app/%5Blocale%5D/layout.css?v=1773598387410 was preloaded using link preload but not used within a few seconds from the window's load event. Please make sure it has an appropriate `as` value and it is preloaded intentionally. @ http://localhost:3000/zh:0
[  279533ms] [WARNING] The resource http://localhost:3000/_next/static/css/app/%5Blocale%5D/layout.css?v=1773598386655 was preloaded using link preload but not used within a few seconds from the window's load event. Please make sure it has an appropriate `as` value and it is preloaded intentionally. @ http://localhost:3000/zh:0
[  279533ms] [WARNING] The resource http://localhost:3000/_next/static/css/app/%5Blocale%5D/layout.css?v=1773598385674 was preloaded using link preload but not used within a few seconds from the window's load event. Please make sure it has an appropriate `as` value and it is preloaded intentionally. @ http://localhost:3000/zh:0
[  279533ms] [WARNING] The resource http://localhost:3000/_next/static/css/app/%5Blocale%5D/layout.css?v=1773598380181 was preloaded using link preload but not used within a few seconds from the window's load event. Please make sure it has an appropriate `as` value and it is preloaded intentionally. @ http://localhost:3000/zh:0
[  279533ms] [WARNING] The resource http://localhost:3000/_next/static/css/app/%5Blocale%5D/layout.css?v=1773598387410 was preloaded using link preload but not used within a few seconds from the window's load event. Please make sure it has an appropriate `as` value and it is preloaded intentionally. @ http://localhost:3000/zh:0
[  282630ms] [WARNING] The resource http://localhost:3000/_next/static/css/app/%5Blocale%5D/layout.css?v=1773598386655 was preloaded using link preload but not used within a few seconds from the window's load event. Please make sure it has an appropriate `as` value and it is preloaded intentionally. @ http://localhost:3000/zh:0
[  282630ms] [WARNING] The resource http://localhost:3000/_next/static/css/app/%5Blocale%5D/layout.css?v=1773598385674 was preloaded using link preload but not used within a few seconds from the window's load event. Please make sure it has an appropriate `as` value and it is preloaded intentionally. @ http://localhost:3000/zh:0
[  282630ms] [WARNING] The resource http://localhost:3000/_next/static/css/app/%5Blocale%5D/layout.css?v=1773598380181 was preloaded using link preload but not used within a few seconds from the window's load event. Please make sure it has an appropriate `as` value and it is preloaded intentionally. @ http://localhost:3000/zh:0
[  282630ms] [WARNING] The resource http://localhost:3000/_next/static/css/app/%5Blocale%5D/layout.css?v=1773598387410 was preloaded using link preload but not used within a few seconds from the window's load event. Please make sure it has an appropriate `as` value and it is preloaded intentionally. @ http://localhost:3000/zh:0
[  285756ms] [WARNING] The resource http://localhost:3000/_next/static/css/app/%5Blocale%5D/layout.css?v=1773598386655 was preloaded using link preload but not used within a few seconds from the window's load event. Please make sure it has an appropriate `as` value and it is preloaded intentionally. @ http://localhost:3000/zh:0
[  285756ms] [WARNING] The resource http://localhost:3000/_next/static/css/app/%5Blocale%5D/layout.css?v=1773598385674 was preloaded using link preload but not used within a few seconds from the window's load event. Please make sure it has an appropriate `as` value and it is preloaded intentionally. @ http://localhost:3000/zh:0
[  285756ms] [WARNING] The resource http://localhost:3000/_next/static/css/app/%5Blocale%5D/layout.css?v=1773598380181 was preloaded using link preload but not used within a few seconds from the window's load event. Please make sure it has an appropriate `as` value and it is preloaded intentionally. @ http://localhost:3000/zh:0
[  285756ms] [WARNING] The resource http://localhost:3000/_next/static/css/app/%5Blocale%5D/layout.css?v=1773598387410 was preloaded using link preload but not used within a few seconds from the window's load event. Please make sure it has an appropriate `as` value and it is preloaded intentionally. @ http://localhost:3000/zh:0
[  288854ms] [WARNING] The resource http://localhost:3000/_next/static/css/app/%5Blocale%5D/layout.css?v=1773598386655 was preloaded using link preload but not used within a few seconds from the window's load event. Please make sure it has an appropriate `as` value and it is preloaded intentionally. @ http://localhost:3000/zh:0
[  288854ms] [WARNING] The resource http://localhost:3000/_next/static/css/app/%5Blocale%5D/layout.css?v=1773598385674 was preloaded using link preload but not used within a few seconds from the window's load event. Please make sure it has an appropriate `as` value and it is preloaded intentionally. @ http://localhost:3000/zh:0
[  288854ms] [WARNING] The resource http://localhost:3000/_next/static/css/app/%5Blocale%5D/layout.css?v=1773598380181 was preloaded using link preload but not used within a few seconds from the window's load event. Please make sure it has an appropriate `as` value and it is preloaded intentionally. @ http://localhost:3000/zh:0
[  288854ms] [WARNING] The resource http://localhost:3000/_next/static/css/app/%5Blocale%5D/layout.css?v=1773598387410 was preloaded using link preload but not used within a few seconds from the window's load event. Please make sure it has an appropriate `as` value and it is preloaded intentionally. @ http://localhost:3000/zh:0
[  294201ms] [WARNING] The resource http://localhost:3000/_next/static/css/app/%5Blocale%5D/layout.css?v=1773598386655 was preloaded using link preload but not used within a few seconds from the window's load event. Please make sure it has an appropriate `as` value and it is preloaded intentionally. @ http://localhost:3000/zh:0
[  294201ms] [WARNING] The resource http://localhost:3000/_next/static/css/app/%5Blocale%5D/layout.css?v=1773598385674 was preloaded using link preload but not used within a few seconds from the window's load event. Please make sure it has an appropriate `as` value and it is preloaded intentionally. @ http://localhost:3000/zh:0
[  294201ms] [WARNING] The resource http://localhost:3000/_next/static/css/app/%5Blocale%5D/layout.css?v=1773598380181 was preloaded using link preload but not used within a few seconds from the window's load event. Please make sure it has an appropriate `as` value and it is preloaded intentionally. @ http://localhost:3000/zh:0
[  294201ms] [WARNING] The resource http://localhost:3000/_next/static/css/app/%5Blocale%5D/layout.css?v=1773598387410 was preloaded using link preload but not used within a few seconds from the window's load event. Please make sure it has an appropriate `as` value and it is preloaded intentionally. @ http://localhost:3000/zh:0
[  297323ms] [WARNING] The resource http://localhost:3000/_next/static/css/app/%5Blocale%5D/layout.css?v=1773598386655 was preloaded using link preload but not used within a few seconds from the window's load event. Please make sure it has an appropriate `as` value and it is preloaded intentionally. @ http://localhost:3000/zh:0
[  297323ms] [WARNING] The resource http://localhost:3000/_next/static/css/app/%5Blocale%5D/layout.css?v=1773598385674 was preloaded using link preload but not used within a few seconds from the window's load event. Please make sure it has an appropriate `as` value and it is preloaded intentionally. @ http://localhost:3000/zh:0
[  297323ms] [WARNING] The resource http://localhost:3000/_next/static/css/app/%5Blocale%5D/layout.css?v=1773598380181 was preloaded using link preload but not used within a few seconds from the window's load event. Please make sure it has an appropriate `as` value and it is preloaded intentionally. @ http://localhost:3000/zh:0
[  297323ms] [WARNING] The resource http://localhost:3000/_next/static/css/app/%5Blocale%5D/layout.css?v=1773598387410 was preloaded using link preload but not used within a few seconds from the window's load event. Please make sure it has an appropriate `as` value and it is preloaded intentionally. @ http://localhost:3000/zh:0
[  300442ms] [WARNING] The resource http://localhost:3000/_next/static/css/app/%5Blocale%5D/layout.css?v=1773598386655 was preloaded using link preload but not used within a few seconds from the window's load event. Please make sure it has an appropriate `as` value and it is preloaded intentionally. @ http://localhost:3000/zh:0
[  300442ms] [WARNING] The resource http://localhost:3000/_next/static/css/app/%5Blocale%5D/layout.css?v=1773598385674 was preloaded using link preload but not used within a few seconds from the window's load event. Please make sure it has an appropriate `as` value and it is preloaded intentionally. @ http://localhost:3000/zh:0
[  300442ms] [WARNING] The resource http://localhost:3000/_next/static/css/app/%5Blocale%5D/layout.css?v=1773598380181 was preloaded using link preload but not used within a few seconds from the window's load event. Please make sure it has an appropriate `as` value and it is preloaded intentionally. @ http://localhost:3000/zh:0
[  300442ms] [WARNING] The resource http://localhost:3000/_next/static/css/app/%5Blocale%5D/layout.css?v=1773598387410 was preloaded using link preload but not used within a few seconds from the window's load event. Please make sure it has an appropriate `as` value and it is preloaded intentionally. @ http://localhost:3000/zh:0
[  303622ms] [WARNING] The resource http://localhost:3000/_next/static/css/app/%5Blocale%5D/layout.css?v=1773598386655 was preloaded using link preload but not used within a few seconds from the window's load event. Please make sure it has an appropriate `as` value and it is preloaded intentionally. @ http://localhost:3000/zh:0
[  303622ms] [WARNING] The resource http://localhost:3000/_next/static/css/app/%5Blocale%5D/layout.css?v=1773598385674 was preloaded using link preload but not used within a few seconds from the window's load event. Please make sure it has an appropriate `as` value and it is preloaded intentionally. @ http://localhost:3000/zh:0
[  303622ms] [WARNING] The resource http://localhost:3000/_next/static/css/app/%5Blocale%5D/layout.css?v=1773598380181 was preloaded using link preload but not used within a few seconds from the window's load event. Please make sure it has an appropriate `as` value and it is preloaded intentionally. @ http://localhost:3000/zh:0
[  303622ms] [WARNING] The resource http://localhost:3000/_next/static/css/app/%5Blocale%5D/layout.css?v=1773598387410 was preloaded using link preload but not used within a few seconds from the window's load event. Please make sure it has an appropriate `as` value and it is preloaded intentionally. @ http://localhost:3000/zh:0
[  306721ms] [WARNING] The resource http://localhost:3000/_next/static/css/app/%5Blocale%5D/layout.css?v=1773598386655 was preloaded using link preload but not used within a few seconds from the window's load event. Please make sure it has an appropriate `as` value and it is preloaded intentionally. @ http://localhost:3000/zh:0
[  306721ms] [WARNING] The resource http://localhost:3000/_next/static/css/app/%5Blocale%5D/layout.css?v=1773598385674 was preloaded using link preload but not used within a few seconds from the window's load event. Please make sure it has an appropriate `as` value and it is preloaded intentionally. @ http://localhost:3000/zh:0
[  306721ms] [WARNING] The resource http://localhost:3000/_next/static/css/app/%5Blocale%5D/layout.css?v=1773598380181 was preloaded using link preload but not used within a few seconds from the window's load event. Please make sure it has an appropriate `as` value and it is preloaded intentionally. @ http://localhost:3000/zh:0
[  306721ms] [WARNING] The resource http://localhost:3000/_next/static/css/app/%5Blocale%5D/layout.css?v=1773598387410 was preloaded using link preload but not used within a few seconds from the window's load event. Please make sure it has an appropriate `as` value and it is preloaded intentionally. @ http://localhost:3000/zh:0
[  309844ms] [WARNING] The resource http://localhost:3000/_next/static/css/app/%5Blocale%5D/layout.css?v=1773598386655 was preloaded using link preload but not used within a few seconds from the window's load event. Please make sure it has an appropriate `as` value and it is preloaded intentionally. @ http://localhost:3000/zh:0
[  309844ms] [WARNING] The resource http://localhost:3000/_next/static/css/app/%5Blocale%5D/layout.css?v=1773598385674 was preloaded using link preload but not used within a few seconds from the window's load event. Please make sure it has an appropriate `as` value and it is preloaded intentionally. @ http://localhost:3000/zh:0
[  309844ms] [WARNING] The resource http://localhost:3000/_next/static/css/app/%5Blocale%5D/layout.css?v=1773598380181 was preloaded using link preload but not used within a few seconds from the window's load event. Please make sure it has an appropriate `as` value and it is preloaded intentionally. @ http://localhost:3000/zh:0
[  309844ms] [WARNING] The resource http://localhost:3000/_next/static/css/app/%5Blocale%5D/layout.css?v=1773598387410 was preloaded using link preload but not used within a few seconds from the window's load event. Please make sure it has an appropriate `as` value and it is preloaded intentionally. @ http://localhost:3000/zh:0
[  313016ms] [WARNING] The resource http://localhost:3000/_next/static/css/app/%5Blocale%5D/layout.css?v=1773598386655 was preloaded using link preload but not used within a few seconds from the window's load event. Please make sure it has an appropriate `as` value and it is preloaded intentionally. @ http://localhost:3000/zh:0
[  313016ms] [WARNING] The resource http://localhost:3000/_next/static/css/app/%5Blocale%5D/layout.css?v=1773598385674 was preloaded using link preload but not used within a few seconds from the window's load event. Please make sure it has an appropriate `as` value and it is preloaded intentionally. @ http://localhost:3000/zh:0
[  313016ms] [WARNING] The resource http://localhost:3000/_next/static/css/app/%5Blocale%5D/layout.css?v=1773598380181 was preloaded using link preload but not used within a few seconds from the window's load event. Please make sure it has an appropriate `as` value and it is preloaded intentionally. @ http://localhost:3000/zh:0
[  313016ms] [WARNING] The resource http://localhost:3000/_next/static/css/app/%5Blocale%5D/layout.css?v=1773598387410 was preloaded using link preload but not used within a few seconds from the window's load event. Please make sure it has an appropriate `as` value and it is preloaded intentionally. @ http://localhost:3000/zh:0
[  316122ms] [WARNING] The resource http://localhost:3000/_next/static/css/app/%5Blocale%5D/layout.css?v=1773598386655 was preloaded using link preload but not used within a few seconds from the window's load event. Please make sure it has an appropriate `as` value and it is preloaded intentionally. @ http://localhost:3000/zh:0
[  316122ms] [WARNING] The resource http://localhost:3000/_next/static/css/app/%5Blocale%5D/layout.css?v=1773598385674 was preloaded using link preload but not used within a few seconds from the window's load event. Please make sure it has an appropriate `as` value and it is preloaded intentionally. @ http://localhost:3000/zh:0
[  316122ms] [WARNING] The resource http://localhost:3000/_next/static/css/app/%5Blocale%5D/layout.css?v=1773598380181 was preloaded using link preload but not used within a few seconds from the window's load event. Please make sure it has an appropriate `as` value and it is preloaded intentionally. @ http://localhost:3000/zh:0
[  316123ms] [WARNING] The resource http://localhost:3000/_next/static/css/app/%5Blocale%5D/layout.css?v=1773598387410 was preloaded using link preload but not used within a few seconds from the window's load event. Please make sure it has an appropriate `as` value and it is preloaded intentionally. @ http://localhost:3000/zh:0
[  319221ms] [WARNING] The resource http://localhost:3000/_next/static/css/app/%5Blocale%5D/layout.css?v=1773598386655 was preloaded using link preload but not used within a few seconds from the window's load event. Please make sure it has an appropriate `as` value and it is preloaded intentionally. @ http://localhost:3000/zh:0
[  319221ms] [WARNING] The resource http://localhost:3000/_next/static/css/app/%5Blocale%5D/layout.css?v=1773598385674 was preloaded using link preload but not used within a few seconds from the window's load event. Please make sure it has an appropriate `as` value and it is preloaded intentionally. @ http://localhost:3000/zh:0
[  319221ms] [WARNING] The resource http://localhost:3000/_next/static/css/app/%5Blocale%5D/layout.css?v=1773598380181 was preloaded using link preload but not used within a few seconds from the window's load event. Please make sure it has an appropriate `as` value and it is preloaded intentionally. @ http://localhost:3000/zh:0
[  319221ms] [WARNING] The resource http://localhost:3000/_next/static/css/app/%5Blocale%5D/layout.css?v=1773598387410 was preloaded using link preload but not used within a few seconds from the window's load event. Please make sure it has an appropriate `as` value and it is preloaded intentionally. @ http://localhost:3000/zh:0
[  322354ms] [WARNING] The resource http://localhost:3000/_next/static/css/app/%5Blocale%5D/layout.css?v=1773598386655 was preloaded using link preload but not used within a few seconds from the window's load event. Please make sure it has an appropriate `as` value and it is preloaded intentionally. @ http://localhost:3000/zh:0
[  322354ms] [WARNING] The resource http://localhost:3000/_next/static/css/app/%5Blocale%5D/layout.css?v=1773598385674 was preloaded using link preload but not used within a few seconds from the window's load event. Please make sure it has an appropriate `as` value and it is preloaded intentionally. @ http://localhost:3000/zh:0
[  322354ms] [WARNING] The resource http://localhost:3000/_next/static/css/app/%5Blocale%5D/layout.css?v=1773598380181 was preloaded using link preload but not used within a few seconds from the window's load event. Please make sure it has an appropriate `as` value and it is preloaded intentionally. @ http://localhost:3000/zh:0
[  322354ms] [WARNING] The resource http://localhost:3000/_next/static/css/app/%5Blocale%5D/layout.css?v=1773598387410 was preloaded using link preload but not used within a few seconds from the window's load event. Please make sure it has an appropriate `as` value and it is preloaded intentionally. @ http://localhost:3000/zh:0
[  325546ms] [WARNING] The resource http://localhost:3000/_next/static/css/app/%5Blocale%5D/layout.css?v=1773598386655 was preloaded using link preload but not used within a few seconds from the window's load event. Please make sure it has an appropriate `as` value and it is preloaded intentionally. @ http://localhost:3000/zh:0
[  325546ms] [WARNING] The resource http://localhost:3000/_next/static/css/app/%5Blocale%5D/layout.css?v=1773598385674 was preloaded using link preload but not used within a few seconds from the window's load event. Please make sure it has an appropriate `as` value and it is preloaded intentionally. @ http://localhost:3000/zh:0
[  325546ms] [WARNING] The resource http://localhost:3000/_next/static/css/app/%5Blocale%5D/layout.css?v=1773598380181 was preloaded using link preload but not used within a few seconds from the window's load event. Please make sure it has an appropriate `as` value and it is preloaded intentionally. @ http://localhost:3000/zh:0
[  325546ms] [WARNING] The resource http://localhost:3000/_next/static/css/app/%5Blocale%5D/layout.css?v=1773598387410 was preloaded using link preload but not used within a few seconds from the window's load event. Please make sure it has an appropriate `as` value and it is preloaded intentionally. @ http://localhost:3000/zh:0
[  328675ms] [WARNING] The resource http://localhost:3000/_next/static/css/app/%5Blocale%5D/layout.css?v=1773598386655 was preloaded using link preload but not used within a few seconds from the window's load event. Please make sure it has an appropriate `as` value and it is preloaded intentionally. @ http://localhost:3000/zh:0
[  328675ms] [WARNING] The resource http://localhost:3000/_next/static/css/app/%5Blocale%5D/layout.css?v=1773598385674 was preloaded using link preload but not used within a few seconds from the window's load event. Please make sure it has an appropriate `as` value and it is preloaded intentionally. @ http://localhost:3000/zh:0
[  328675ms] [WARNING] The resource http://localhost:3000/_next/static/css/app/%5Blocale%5D/layout.css?v=1773598380181 was preloaded using link preload but not used within a few seconds from the window's load event. Please make sure it has an appropriate `as` value and it is preloaded intentionally. @ http://localhost:3000/zh:0
[  328675ms] [WARNING] The resource http://localhost:3000/_next/static/css/app/%5Blocale%5D/layout.css?v=1773598387410 was preloaded using link preload but not used within a few seconds from the window's load event. Please make sure it has an appropriate `as` value and it is preloaded intentionally. @ http://localhost:3000/zh:0
[  331792ms] [WARNING] The resource http://localhost:3000/_next/static/css/app/%5Blocale%5D/layout.css?v=1773598386655 was preloaded using link preload but not used within a few seconds from the window's load event. Please make sure it has an appropriate `as` value and it is preloaded intentionally. @ http://localhost:3000/zh:0
[  331792ms] [WARNING] The resource http://localhost:3000/_next/static/css/app/%5Blocale%5D/layout.css?v=1773598385674 was preloaded using link preload but not used within a few seconds from the window's load event. Please make sure it has an appropriate `as` value and it is preloaded intentionally. @ http://localhost:3000/zh:0
[  331792ms] [WARNING] The resource http://localhost:3000/_next/static/css/app/%5Blocale%5D/layout.css?v=1773598380181 was preloaded using link preload but not used within a few seconds from the window's load event. Please make sure it has an appropriate `as` value and it is preloaded intentionally. @ http://localhost:3000/zh:0
[  331792ms] [WARNING] The resource http://localhost:3000/_next/static/css/app/%5Blocale%5D/layout.css?v=1773598387410 was preloaded using link preload but not used within a few seconds from the window's load event. Please make sure it has an appropriate `as` value and it is preloaded intentionally. @ http://localhost:3000/zh:0
[  334891ms] [WARNING] The resource http://localhost:3000/_next/static/css/app/%5Blocale%5D/layout.css?v=1773598386655 was preloaded using link preload but not used within a few seconds from the window's load event. Please make sure it has an appropriate `as` value and it is preloaded intentionally. @ http://localhost:3000/zh:0
[  334891ms] [WARNING] The resource http://localhost:3000/_next/static/css/app/%5Blocale%5D/layout.css?v=1773598385674 was preloaded using link preload but not used within a few seconds from the window's load event. Please make sure it has an appropriate `as` value and it is preloaded intentionally. @ http://localhost:3000/zh:0
[  334891ms] [WARNING] The resource http://localhost:3000/_next/static/css/app/%5Blocale%5D/layout.css?v=1773598380181 was preloaded using link preload but not used within a few seconds from the window's load event. Please make sure it has an appropriate `as` value and it is preloaded intentionally. @ http://localhost:3000/zh:0
[  334891ms] [WARNING] The resource http://localhost:3000/_next/static/css/app/%5Blocale%5D/layout.css?v=1773598387410 was preloaded using link preload but not used within a few seconds from the window's load event. Please make sure it has an appropriate `as` value and it is preloaded intentionally. @ http://localhost:3000/zh:0
[  337984ms] [WARNING] The resource http://localhost:3000/_next/static/css/app/%5Blocale%5D/layout.css?v=1773598386655 was preloaded using link preload but not used within a few seconds from the window's load event. Please make sure it has an appropriate `as` value and it is preloaded intentionally. @ http://localhost:3000/zh:0
[  337984ms] [WARNING] The resource http://localhost:3000/_next/static/css/app/%5Blocale%5D/layout.css?v=1773598385674 was preloaded using link preload but not used within a few seconds from the window's load event. Please make sure it has an appropriate `as` value and it is preloaded intentionally. @ http://localhost:3000/zh:0
[  337984ms] [WARNING] The resource http://localhost:3000/_next/static/css/app/%5Blocale%5D/layout.css?v=1773598380181 was preloaded using link preload but not used within a few seconds from the window's load event. Please make sure it has an appropriate `as` value and it is preloaded intentionally. @ http://localhost:3000/zh:0
[  337984ms] [WARNING] The resource http://localhost:3000/_next/static/css/app/%5Blocale%5D/layout.css?v=1773598387410 was preloaded using link preload but not used within a few seconds from the window's load event. Please make sure it has an appropriate `as` value and it is preloaded intentionally. @ http://localhost:3000/zh:0
[  341180ms] [WARNING] The resource http://localhost:3000/_next/static/css/app/%5Blocale%5D/layout.css?v=1773598386655 was preloaded using link preload but not used within a few seconds from the window's load event. Please make sure it has an appropriate `as` value and it is preloaded intentionally. @ http://localhost:3000/zh:0
[  341180ms] [WARNING] The resource http://localhost:3000/_next/static/css/app/%5Blocale%5D/layout.css?v=1773598385674 was preloaded using link preload but not used within a few seconds from the window's load event. Please make sure it has an appropriate `as` value and it is preloaded intentionally. @ http://localhost:3000/zh:0
[  341180ms] [WARNING] The resource http://localhost:3000/_next/static/css/app/%5Blocale%5D/layout.css?v=1773598380181 was preloaded using link preload but not used within a few seconds from the window's load event. Please make sure it has an appropriate `as` value and it is preloaded intentionally. @ http://localhost:3000/zh:0
[  341180ms] [WARNING] The resource http://localhost:3000/_next/static/css/app/%5Blocale%5D/layout.css?v=1773598387410 was preloaded using link preload but not used within a few seconds from the window's load event. Please make sure it has an appropriate `as` value and it is preloaded intentionally. @ http://localhost:3000/zh:0
[  344358ms] [WARNING] The resource http://localhost:3000/_next/static/css/app/%5Blocale%5D/layout.css?v=1773598386655 was preloaded using link preload but not used within a few seconds from the window's load event. Please make sure it has an appropriate `as` value and it is preloaded intentionally. @ http://localhost:3000/zh:0
[  344358ms] [WARNING] The resource http://localhost:3000/_next/static/css/app/%5Blocale%5D/layout.css?v=1773598385674 was preloaded using link preload but not used within a few seconds from the window's load event. Please make sure it has an appropriate `as` value and it is preloaded intentionally. @ http://localhost:3000/zh:0
[  344358ms] [WARNING] The resource http://localhost:3000/_next/static/css/app/%5Blocale%5D/layout.css?v=1773598380181 was preloaded using link preload but not used within a few seconds from the window's load event. Please make sure it has an appropriate `as` value and it is preloaded intentionally. @ http://localhost:3000/zh:0
[  344358ms] [WARNING] The resource http://localhost:3000/_next/static/css/app/%5Blocale%5D/layout.css?v=1773598387410 was preloaded using link preload but not used within a few seconds from the window's load event. Please make sure it has an appropriate `as` value and it is preloaded intentionally. @ http://localhost:3000/zh:0
[  347485ms] [WARNING] The resource http://localhost:3000/_next/static/css/app/%5Blocale%5D/layout.css?v=1773598386655 was preloaded using link preload but not used within a few seconds from the window's load event. Please make sure it has an appropriate `as` value and it is preloaded intentionally. @ http://localhost:3000/zh:0
[  347485ms] [WARNING] The resource http://localhost:3000/_next/static/css/app/%5Blocale%5D/layout.css?v=1773598385674 was preloaded using link preload but not used within a few seconds from the window's load event. Please make sure it has an appropriate `as` value and it is preloaded intentionally. @ http://localhost:3000/zh:0
[  347485ms] [WARNING] The resource http://localhost:3000/_next/static/css/app/%5Blocale%5D/layout.css?v=1773598380181 was preloaded using link preload but not used within a few seconds from the window's load event. Please make sure it has an appropriate `as` value and it is preloaded intentionally. @ http://localhost:3000/zh:0
[  347485ms] [WARNING] The resource http://localhost:3000/_next/static/css/app/%5Blocale%5D/layout.css?v=1773598387410 was preloaded using link preload but not used within a few seconds from the window's load event. Please make sure it has an appropriate `as` value and it is preloaded intentionally. @ http://localhost:3000/zh:0
[  350597ms] [WARNING] The resource http://localhost:3000/_next/static/css/app/%5Blocale%5D/layout.css?v=1773598386655 was preloaded using link preload but not used within a few seconds from the window's load event. Please make sure it has an appropriate `as` value and it is preloaded intentionally. @ http://localhost:3000/zh:0
[  350597ms] [WARNING] The resource http://localhost:3000/_next/static/css/app/%5Blocale%5D/layout.css?v=1773598385674 was preloaded using link preload but not used within a few seconds from the window's load event. Please make sure it has an appropriate `as` value and it is preloaded intentionally. @ http://localhost:3000/zh:0
[  350597ms] [WARNING] The resource http://localhost:3000/_next/static/css/app/%5Blocale%5D/layout.css?v=1773598380181 was preloaded using link preload but not used within a few seconds from the window's load event. Please make sure it has an appropriate `as` value and it is preloaded intentionally. @ http://localhost:3000/zh:0
[  350597ms] [WARNING] The resource http://localhost:3000/_next/static/css/app/%5Blocale%5D/layout.css?v=1773598387410 was preloaded using link preload but not used within a few seconds from the window's load event. Please make sure it has an appropriate `as` value and it is preloaded intentionally. @ http://localhost:3000/zh:0
[  353689ms] [WARNING] The resource http://localhost:3000/_next/static/css/app/%5Blocale%5D/layout.css?v=1773598386655 was preloaded using link preload but not used within a few seconds from the window's load event. Please make sure it has an appropriate `as` value and it is preloaded intentionally. @ http://localhost:3000/zh:0
[  353689ms] [WARNING] The resource http://localhost:3000/_next/static/css/app/%5Blocale%5D/layout.css?v=1773598385674 was preloaded using link preload but not used within a few seconds from the window's load event. Please make sure it has an appropriate `as` value and it is preloaded intentionally. @ http://localhost:3000/zh:0
[  353689ms] [WARNING] The resource http://localhost:3000/_next/static/css/app/%5Blocale%5D/layout.css?v=1773598380181 was preloaded using link preload but not used within a few seconds from the window's load event. Please make sure it has an appropriate `as` value and it is preloaded intentionally. @ http://localhost:3000/zh:0
[  353689ms] [WARNING] The resource http://localhost:3000/_next/static/css/app/%5Blocale%5D/layout.css?v=1773598387410 was preloaded using link preload but not used within a few seconds from the window's load event. Please make sure it has an appropriate `as` value and it is preloaded intentionally. @ http://localhost:3000/zh:0
[  356790ms] [WARNING] The resource http://localhost:3000/_next/static/css/app/%5Blocale%5D/layout.css?v=1773598386655 was preloaded using link preload but not used within a few seconds from the window's load event. Please make sure it has an appropriate `as` value and it is preloaded intentionally. @ http://localhost:3000/zh:0
[  356790ms] [WARNING] The resource http://localhost:3000/_next/static/css/app/%5Blocale%5D/layout.css?v=1773598385674 was preloaded using link preload but not used within a few seconds from the window's load event. Please make sure it has an appropriate `as` value and it is preloaded intentionally. @ http://localhost:3000/zh:0
[  356790ms] [WARNING] The resource http://localhost:3000/_next/static/css/app/%5Blocale%5D/layout.css?v=1773598380181 was preloaded using link preload but not used within a few seconds from the window's load event. Please make sure it has an appropriate `as` value and it is preloaded intentionally. @ http://localhost:3000/zh:0
[  356790ms] [WARNING] The resource http://localhost:3000/_next/static/css/app/%5Blocale%5D/layout.css?v=1773598387410 was preloaded using link preload but not used within a few seconds from the window's load event. Please make sure it has an appropriate `as` value and it is preloaded intentionally. @ http://localhost:3000/zh:0
[  359885ms] [WARNING] The resource http://localhost:3000/_next/static/css/app/%5Blocale%5D/layout.css?v=1773598386655 was preloaded using link preload but not used within a few seconds from the window's load event. Please make sure it has an appropriate `as` value and it is preloaded intentionally. @ http://localhost:3000/zh:0
[  359885ms] [WARNING] The resource http://localhost:3000/_next/static/css/app/%5Blocale%5D/layout.css?v=1773598385674 was preloaded using link preload but not used within a few seconds from the window's load event. Please make sure it has an appropriate `as` value and it is preloaded intentionally. @ http://localhost:3000/zh:0
[  359885ms] [WARNING] The resource http://localhost:3000/_next/static/css/app/%5Blocale%5D/layout.css?v=1773598380181 was preloaded using link preload but not used within a few seconds from the window's load event. Please make sure it has an appropriate `as` value and it is preloaded intentionally. @ http://localhost:3000/zh:0
[  359885ms] [WARNING] The resource http://localhost:3000/_next/static/css/app/%5Blocale%5D/layout.css?v=1773598387410 was preloaded using link preload but not used within a few seconds from the window's load event. Please make sure it has an appropriate `as` value and it is preloaded intentionally. @ http://localhost:3000/zh:0
[  362981ms] [WARNING] The resource http://localhost:3000/_next/static/css/app/%5Blocale%5D/layout.css?v=1773598386655 was preloaded using link preload but not used within a few seconds from the window's load event. Please make sure it has an appropriate `as` value and it is preloaded intentionally. @ http://localhost:3000/zh:0
[  362981ms] [WARNING] The resource http://localhost:3000/_next/static/css/app/%5Blocale%5D/layout.css?v=1773598385674 was preloaded using link preload but not used within a few seconds from the window's load event. Please make sure it has an appropriate `as` value and it is preloaded intentionally. @ http://localhost:3000/zh:0
[  362981ms] [WARNING] The resource http://localhost:3000/_next/static/css/app/%5Blocale%5D/layout.css?v=1773598380181 was preloaded using link preload but not used within a few seconds from the window's load event. Please make sure it has an appropriate `as` value and it is preloaded intentionally. @ http://localhost:3000/zh:0
[  362981ms] [WARNING] The resource http://localhost:3000/_next/static/css/app/%5Blocale%5D/layout.css?v=1773598387410 was preloaded using link preload but not used within a few seconds from the window's load event. Please make sure it has an appropriate `as` value and it is preloaded intentionally. @ http://localhost:3000/zh:0
[  366081ms] [WARNING] The resource http://localhost:3000/_next/static/css/app/%5Blocale%5D/layout.css?v=1773598386655 was preloaded using link preload but not used within a few seconds from the window's load event. Please make sure it has an appropriate `as` value and it is preloaded intentionally. @ http://localhost:3000/zh:0
[  366081ms] [WARNING] The resource http://localhost:3000/_next/static/css/app/%5Blocale%5D/layout.css?v=1773598385674 was preloaded using link preload but not used within a few seconds from the window's load event. Please make sure it has an appropriate `as` value and it is preloaded intentionally. @ http://localhost:3000/zh:0
[  366081ms] [WARNING] The resource http://localhost:3000/_next/static/css/app/%5Blocale%5D/layout.css?v=1773598380181 was preloaded using link preload but not used within a few seconds from the window's load event. Please make sure it has an appropriate `as` value and it is preloaded intentionally. @ http://localhost:3000/zh:0
[  366081ms] [WARNING] The resource http://localhost:3000/_next/static/css/app/%5Blocale%5D/layout.css?v=1773598387410 was preloaded using link preload but not used within a few seconds from the window's load event. Please make sure it has an appropriate `as` value and it is preloaded intentionally. @ http://localhost:3000/zh:0
[  370845ms] [WARNING] The resource http://localhost:3000/_next/static/css/app/%5Blocale%5D/layout.css?v=1773598386655 was preloaded using link preload but not used within a few seconds from the window's load event. Please make sure it has an appropriate `as` value and it is preloaded intentionally. @ http://localhost:3000/zh:0
[  370846ms] [WARNING] The resource http://localhost:3000/_next/static/css/app/%5Blocale%5D/layout.css?v=1773598385674 was preloaded using link preload but not used within a few seconds from the window's load event. Please make sure it has an appropriate `as` value and it is preloaded intentionally. @ http://localhost:3000/zh:0
[  370846ms] [WARNING] The resource http://localhost:3000/_next/static/css/app/%5Blocale%5D/layout.css?v=1773598380181 was preloaded using link preload but not used within a few seconds from the window's load event. Please make sure it has an appropriate `as` value and it is preloaded intentionally. @ http://localhost:3000/zh:0
[  370846ms] [WARNING] The resource http://localhost:3000/_next/static/css/app/%5Blocale%5D/layout.css?v=1773598387410 was preloaded using link preload but not used within a few seconds from the window's load event. Please make sure it has an appropriate `as` value and it is preloaded intentionally. @ http://localhost:3000/zh:0
[  373943ms] [WARNING] The resource http://localhost:3000/_next/static/css/app/%5Blocale%5D/layout.css?v=1773598386655 was preloaded using link preload but not used within a few seconds from the window's load event. Please make sure it has an appropriate `as` value and it is preloaded intentionally. @ http://localhost:3000/zh:0
[  373943ms] [WARNING] The resource http://localhost:3000/_next/static/css/app/%5Blocale%5D/layout.css?v=1773598385674 was preloaded using link preload but not used within a few seconds from the window's load event. Please make sure it has an appropriate `as` value and it is preloaded intentionally. @ http://localhost:3000/zh:0
[  373943ms] [WARNING] The resource http://localhost:3000/_next/static/css/app/%5Blocale%5D/layout.css?v=1773598380181 was preloaded using link preload but not used within a few seconds from the window's load event. Please make sure it has an appropriate `as` value and it is preloaded intentionally. @ http://localhost:3000/zh:0
[  373943ms] [WARNING] The resource http://localhost:3000/_next/static/css/app/%5Blocale%5D/layout.css?v=1773598387410 was preloaded using link preload but not used within a few seconds from the window's load event. Please make sure it has an appropriate `as` value and it is preloaded intentionally. @ http://localhost:3000/zh:0
[  377073ms] [WARNING] The resource http://localhost:3000/_next/static/css/app/%5Blocale%5D/layout.css?v=1773598386655 was preloaded using link preload but not used within a few seconds from the window's load event. Please make sure it has an appropriate `as` value and it is preloaded intentionally. @ http://localhost:3000/zh:0
[  377073ms] [WARNING] The resource http://localhost:3000/_next/static/css/app/%5Blocale%5D/layout.css?v=1773598385674 was preloaded using link preload but not used within a few seconds from the window's load event. Please make sure it has an appropriate `as` value and it is preloaded intentionally. @ http://localhost:3000/zh:0
[  377073ms] [WARNING] The resource http://localhost:3000/_next/static/css/app/%5Blocale%5D/layout.css?v=1773598380181 was preloaded using link preload but not used within a few seconds from the window's load event. Please make sure it has an appropriate `as` value and it is preloaded intentionally. @ http://localhost:3000/zh:0
[  377073ms] [WARNING] The resource http://localhost:3000/_next/static/css/app/%5Blocale%5D/layout.css?v=1773598387410 was preloaded using link preload but not used within a few seconds from the window's load event. Please make sure it has an appropriate `as` value and it is preloaded intentionally. @ http://localhost:3000/zh:0
[  380192ms] [WARNING] The resource http://localhost:3000/_next/static/css/app/%5Blocale%5D/layout.css?v=1773598386655 was preloaded using link preload but not used within a few seconds from the window's load event. Please make sure it has an appropriate `as` value and it is preloaded intentionally. @ http://localhost:3000/zh:0
[  380192ms] [WARNING] The resource http://localhost:3000/_next/static/css/app/%5Blocale%5D/layout.css?v=1773598385674 was preloaded using link preload but not used within a few seconds from the window's load event. Please make sure it has an appropriate `as` value and it is preloaded intentionally. @ http://localhost:3000/zh:0
[  380192ms] [WARNING] The resource http://localhost:3000/_next/static/css/app/%5Blocale%5D/layout.css?v=1773598380181 was preloaded using link preload but not used within a few seconds from the window's load event. Please make sure it has an appropriate `as` value and it is preloaded intentionally. @ http://localhost:3000/zh:0
[  380192ms] [WARNING] The resource http://localhost:3000/_next/static/css/app/%5Blocale%5D/layout.css?v=1773598387410 was preloaded using link preload but not used within a few seconds from the window's load event. Please make sure it has an appropriate `as` value and it is preloaded intentionally. @ http://localhost:3000/zh:0
[  383280ms] [WARNING] The resource http://localhost:3000/_next/static/css/app/%5Blocale%5D/layout.css?v=1773598386655 was preloaded using link preload but not used within a few seconds from the window's load event. Please make sure it has an appropriate `as` value and it is preloaded intentionally. @ http://localhost:3000/zh:0
[  383280ms] [WARNING] The resource http://localhost:3000/_next/static/css/app/%5Blocale%5D/layout.css?v=1773598385674 was preloaded using link preload but not used within a few seconds from the window's load event. Please make sure it has an appropriate `as` value and it is preloaded intentionally. @ http://localhost:3000/zh:0
[  383280ms] [WARNING] The resource http://localhost:3000/_next/static/css/app/%5Blocale%5D/layout.css?v=1773598380181 was preloaded using link preload but not used within a few seconds from the window's load event. Please make sure it has an appropriate `as` value and it is preloaded intentionally. @ http://localhost:3000/zh:0
[  383280ms] [WARNING] The resource http://localhost:3000/_next/static/css/app/%5Blocale%5D/layout.css?v=1773598387410 was preloaded using link preload but not used within a few seconds from the window's load event. Please make sure it has an appropriate `as` value and it is preloaded intentionally. @ http://localhost:3000/zh:0
[  386420ms] [WARNING] The resource http://localhost:3000/_next/static/css/app/%5Blocale%5D/layout.css?v=1773598386655 was preloaded using link preload but not used within a few seconds from the window's load event. Please make sure it has an appropriate `as` value and it is preloaded intentionally. @ http://localhost:3000/zh:0
[  386420ms] [WARNING] The resource http://localhost:3000/_next/static/css/app/%5Blocale%5D/layout.css?v=1773598385674 was preloaded using link preload but not used within a few seconds from the window's load event. Please make sure it has an appropriate `as` value and it is preloaded intentionally. @ http://localhost:3000/zh:0
[  386420ms] [WARNING] The resource http://localhost:3000/_next/static/css/app/%5Blocale%5D/layout.css?v=1773598380181 was preloaded using link preload but not used within a few seconds from the window's load event. Please make sure it has an appropriate `as` value and it is preloaded intentionally. @ http://localhost:3000/zh:0
[  386420ms] [WARNING] The resource http://localhost:3000/_next/static/css/app/%5Blocale%5D/layout.css?v=1773598387410 was preloaded using link preload but not used within a few seconds from the window's load event. Please make sure it has an appropriate `as` value and it is preloaded intentionally. @ http://localhost:3000/zh:0
[  389533ms] [WARNING] The resource http://localhost:3000/_next/static/css/app/%5Blocale%5D/layout.css?v=1773598386655 was preloaded using link preload but not used within a few seconds from the window's load event. Please make sure it has an appropriate `as` value and it is preloaded intentionally. @ http://localhost:3000/zh:0
[  389533ms] [WARNING] The resource http://localhost:3000/_next/static/css/app/%5Blocale%5D/layout.css?v=1773598385674 was preloaded using link preload but not used within a few seconds from the window's load event. Please make sure it has an appropriate `as` value and it is preloaded intentionally. @ http://localhost:3000/zh:0
[  389533ms] [WARNING] The resource http://localhost:3000/_next/static/css/app/%5Blocale%5D/layout.css?v=1773598380181 was preloaded using link preload but not used within a few seconds from the window's load event. Please make sure it has an appropriate `as` value and it is preloaded intentionally. @ http://localhost:3000/zh:0
[  389533ms] [WARNING] The resource http://localhost:3000/_next/static/css/app/%5Blocale%5D/layout.css?v=1773598387410 was preloaded using link preload but not used within a few seconds from the window's load event. Please make sure it has an appropriate `as` value and it is preloaded intentionally. @ http://localhost:3000/zh:0
[  392630ms] [WARNING] The resource http://localhost:3000/_next/static/css/app/%5Blocale%5D/layout.css?v=1773598386655 was preloaded using link preload but not used within a few seconds from the window's load event. Please make sure it has an appropriate `as` value and it is preloaded intentionally. @ http://localhost:3000/zh:0
[  392630ms] [WARNING] The resource http://localhost:3000/_next/static/css/app/%5Blocale%5D/layout.css?v=1773598385674 was preloaded using link preload but not used within a few seconds from the window's load event. Please make sure it has an appropriate `as` value and it is preloaded intentionally. @ http://localhost:3000/zh:0
[  392630ms] [WARNING] The resource http://localhost:3000/_next/static/css/app/%5Blocale%5D/layout.css?v=1773598380181 was preloaded using link preload but not used within a few seconds from the window's load event. Please make sure it has an appropriate `as` value and it is preloaded intentionally. @ http://localhost:3000/zh:0
[  392630ms] [WARNING] The resource http://localhost:3000/_next/static/css/app/%5Blocale%5D/layout.css?v=1773598387410 was preloaded using link preload but not used within a few seconds from the window's load event. Please make sure it has an appropriate `as` value and it is preloaded intentionally. @ http://localhost:3000/zh:0
[  395738ms] [WARNING] The resource http://localhost:3000/_next/static/css/app/%5Blocale%5D/layout.css?v=1773598386655 was preloaded using link preload but not used within a few seconds from the window's load event. Please make sure it has an appropriate `as` value and it is preloaded intentionally. @ http://localhost:3000/zh:0
[  395738ms] [WARNING] The resource http://localhost:3000/_next/static/css/app/%5Blocale%5D/layout.css?v=1773598385674 was preloaded using link preload but not used within a few seconds from the window's load event. Please make sure it has an appropriate `as` value and it is preloaded intentionally. @ http://localhost:3000/zh:0
[  395738ms] [WARNING] The resource http://localhost:3000/_next/static/css/app/%5Blocale%5D/layout.css?v=1773598380181 was preloaded using link preload but not used within a few seconds from the window's load event. Please make sure it has an appropriate `as` value and it is preloaded intentionally. @ http://localhost:3000/zh:0
[  395738ms] [WARNING] The resource http://localhost:3000/_next/static/css/app/%5Blocale%5D/layout.css?v=1773598387410 was preloaded using link preload but not used within a few seconds from the window's load event. Please make sure it has an appropriate `as` value and it is preloaded intentionally. @ http://localhost:3000/zh:0
[  398864ms] [WARNING] The resource http://localhost:3000/_next/static/css/app/%5Blocale%5D/layout.css?v=1773598386655 was preloaded using link preload but not used within a few seconds from the window's load event. Please make sure it has an appropriate `as` value and it is preloaded intentionally. @ http://localhost:3000/zh:0
[  398864ms] [WARNING] The resource http://localhost:3000/_next/static/css/app/%5Blocale%5D/layout.css?v=1773598385674 was preloaded using link preload but not used within a few seconds from the window's load event. Please make sure it has an appropriate `as` value and it is preloaded intentionally. @ http://localhost:3000/zh:0
[  398864ms] [WARNING] The resource http://localhost:3000/_next/static/css/app/%5Blocale%5D/layout.css?v=1773598380181 was preloaded using link preload but not used within a few seconds from the window's load event. Please make sure it has an appropriate `as` value and it is preloaded intentionally. @ http://localhost:3000/zh:0
[  398864ms] [WARNING] The resource http://localhost:3000/_next/static/css/app/%5Blocale%5D/layout.css?v=1773598387410 was preloaded using link preload but not used within a few seconds from the window's load event. Please make sure it has an appropriate `as` value and it is preloaded intentionally. @ http://localhost:3000/zh:0
[  402018ms] [WARNING] The resource http://localhost:3000/_next/static/css/app/%5Blocale%5D/layout.css?v=1773598386655 was preloaded using link preload but not used within a few seconds from the window's load event. Please make sure it has an appropriate `as` value and it is preloaded intentionally. @ http://localhost:3000/zh:0
[  402018ms] [WARNING] The resource http://localhost:3000/_next/static/css/app/%5Blocale%5D/layout.css?v=1773598385674 was preloaded using link preload but not used within a few seconds from the window's load event. Please make sure it has an appropriate `as` value and it is preloaded intentionally. @ http://localhost:3000/zh:0
[  402018ms] [WARNING] The resource http://localhost:3000/_next/static/css/app/%5Blocale%5D/layout.css?v=1773598380181 was preloaded using link preload but not used within a few seconds from the window's load event. Please make sure it has an appropriate `as` value and it is preloaded intentionally. @ http://localhost:3000/zh:0
[  402018ms] [WARNING] The resource http://localhost:3000/_next/static/css/app/%5Blocale%5D/layout.css?v=1773598387410 was preloaded using link preload but not used within a few seconds from the window's load event. Please make sure it has an appropriate `as` value and it is preloaded intentionally. @ http://localhost:3000/zh:0
[  405108ms] [WARNING] The resource http://localhost:3000/_next/static/css/app/%5Blocale%5D/layout.css?v=1773598386655 was preloaded using link preload but not used within a few seconds from the window's load event. Please make sure it has an appropriate `as` value and it is preloaded intentionally. @ http://localhost:3000/zh:0
[  405108ms] [WARNING] The resource http://localhost:3000/_next/static/css/app/%5Blocale%5D/layout.css?v=1773598385674 was preloaded using link preload but not used within a few seconds from the window's load event. Please make sure it has an appropriate `as` value and it is preloaded intentionally. @ http://localhost:3000/zh:0
[  405108ms] [WARNING] The resource http://localhost:3000/_next/static/css/app/%5Blocale%5D/layout.css?v=1773598380181 was preloaded using link preload but not used within a few seconds from the window's load event. Please make sure it has an appropriate `as` value and it is preloaded intentionally. @ http://localhost:3000/zh:0
[  405108ms] [WARNING] The resource http://localhost:3000/_next/static/css/app/%5Blocale%5D/layout.css?v=1773598387410 was preloaded using link preload but not used within a few seconds from the window's load event. Please make sure it has an appropriate `as` value and it is preloaded intentionally. @ http://localhost:3000/zh:0
[  408239ms] [WARNING] The resource http://localhost:3000/_next/static/css/app/%5Blocale%5D/layout.css?v=1773598386655 was preloaded using link preload but not used within a few seconds from the window's load event. Please make sure it has an appropriate `as` value and it is preloaded intentionally. @ http://localhost:3000/zh:0
[  408239ms] [WARNING] The resource http://localhost:3000/_next/static/css/app/%5Blocale%5D/layout.css?v=1773598385674 was preloaded using link preload but not used within a few seconds from the window's load event. Please make sure it has an appropriate `as` value and it is preloaded intentionally. @ http://localhost:3000/zh:0
[  408239ms] [WARNING] The resource http://localhost:3000/_next/static/css/app/%5Blocale%5D/layout.css?v=1773598380181 was preloaded using link preload but not used within a few seconds from the window's load event. Please make sure it has an appropriate `as` value and it is preloaded intentionally. @ http://localhost:3000/zh:0
[  408239ms] [WARNING] The resource http://localhost:3000/_next/static/css/app/%5Blocale%5D/layout.css?v=1773598387410 was preloaded using link preload but not used within a few seconds from the window's load event. Please make sure it has an appropriate `as` value and it is preloaded intentionally. @ http://localhost:3000/zh:0
[  411344ms] [WARNING] The resource http://localhost:3000/_next/static/css/app/%5Blocale%5D/layout.css?v=1773598386655 was preloaded using link preload but not used within a few seconds from the window's load event. Please make sure it has an appropriate `as` value and it is preloaded intentionally. @ http://localhost:3000/zh:0
[  411344ms] [WARNING] The resource http://localhost:3000/_next/static/css/app/%5Blocale%5D/layout.css?v=1773598385674 was preloaded using link preload but not used within a few seconds from the window's load event. Please make sure it has an appropriate `as` value and it is preloaded intentionally. @ http://localhost:3000/zh:0
[  411344ms] [WARNING] The resource http://localhost:3000/_next/static/css/app/%5Blocale%5D/layout.css?v=1773598380181 was preloaded using link preload but not used within a few seconds from the window's load event. Please make sure it has an appropriate `as` value and it is preloaded intentionally. @ http://localhost:3000/zh:0
[  411344ms] [WARNING] The resource http://localhost:3000/_next/static/css/app/%5Blocale%5D/layout.css?v=1773598387410 was preloaded using link preload but not used within a few seconds from the window's load event. Please make sure it has an appropriate `as` value and it is preloaded intentionally. @ http://localhost:3000/zh:0
[  414472ms] [WARNING] The resource http://localhost:3000/_next/static/css/app/%5Blocale%5D/layout.css?v=1773598386655 was preloaded using link preload but not used within a few seconds from the window's load event. Please make sure it has an appropriate `as` value and it is preloaded intentionally. @ http://localhost:3000/zh:0
[  414472ms] [WARNING] The resource http://localhost:3000/_next/static/css/app/%5Blocale%5D/layout.css?v=1773598385674 was preloaded using link preload but not used within a few seconds from the window's load event. Please make sure it has an appropriate `as` value and it is preloaded intentionally. @ http://localhost:3000/zh:0
[  414472ms] [WARNING] The resource http://localhost:3000/_next/static/css/app/%5Blocale%5D/layout.css?v=1773598380181 was preloaded using link preload but not used within a few seconds from the window's load event. Please make sure it has an appropriate `as` value and it is preloaded intentionally. @ http://localhost:3000/zh:0
[  414472ms] [WARNING] The resource http://localhost:3000/_next/static/css/app/%5Blocale%5D/layout.css?v=1773598387410 was preloaded using link preload but not used within a few seconds from the window's load event. Please make sure it has an appropriate `as` value and it is preloaded intentionally. @ http://localhost:3000/zh:0
[  417546ms] [WARNING] The resource http://localhost:3000/_next/static/css/app/%5Blocale%5D/layout.css?v=1773598386655 was preloaded using link preload but not used within a few seconds from the window's load event. Please make sure it has an appropriate `as` value and it is preloaded intentionally. @ http://localhost:3000/zh:0
[  417546ms] [WARNING] The resource http://localhost:3000/_next/static/css/app/%5Blocale%5D/layout.css?v=1773598385674 was preloaded using link preload but not used within a few seconds from the window's load event. Please make sure it has an appropriate `as` value and it is preloaded intentionally. @ http://localhost:3000/zh:0
[  417546ms] [WARNING] The resource http://localhost:3000/_next/static/css/app/%5Blocale%5D/layout.css?v=1773598380181 was preloaded using link preload but not used within a few seconds from the window's load event. Please make sure it has an appropriate `as` value and it is preloaded intentionally. @ http://localhost:3000/zh:0
[  417546ms] [WARNING] The resource http://localhost:3000/_next/static/css/app/%5Blocale%5D/layout.css?v=1773598387410 was preloaded using link preload but not used within a few seconds from the window's load event. Please make sure it has an appropriate `as` value and it is preloaded intentionally. @ http://localhost:3000/zh:0
[  420663ms] [WARNING] The resource http://localhost:3000/_next/static/css/app/%5Blocale%5D/layout.css?v=1773598386655 was preloaded using link preload but not used within a few seconds from the window's load event. Please make sure it has an appropriate `as` value and it is preloaded intentionally. @ http://localhost:3000/zh:0
[  420663ms] [WARNING] The resource http://localhost:3000/_next/static/css/app/%5Blocale%5D/layout.css?v=1773598385674 was preloaded using link preload but not used within a few seconds from the window's load event. Please make sure it has an appropriate `as` value and it is preloaded intentionally. @ http://localhost:3000/zh:0
[  420663ms] [WARNING] The resource http://localhost:3000/_next/static/css/app/%5Blocale%5D/layout.css?v=1773598380181 was preloaded using link preload but not used within a few seconds from the window's load event. Please make sure it has an appropriate `as` value and it is preloaded intentionally. @ http://localhost:3000/zh:0
[  420663ms] [WARNING] The resource http://localhost:3000/_next/static/css/app/%5Blocale%5D/layout.css?v=1773598387410 was preloaded using link preload but not used within a few seconds from the window's load event. Please make sure it has an appropriate `as` value and it is preloaded intentionally. @ http://localhost:3000/zh:0
[  423784ms] [WARNING] The resource http://localhost:3000/_next/static/css/app/%5Blocale%5D/layout.css?v=1773598386655 was preloaded using link preload but not used within a few seconds from the window's load event. Please make sure it has an appropriate `as` value and it is preloaded intentionally. @ http://localhost:3000/zh:0
[  423784ms] [WARNING] The resource http://localhost:3000/_next/static/css/app/%5Blocale%5D/layout.css?v=1773598385674 was preloaded using link preload but not used within a few seconds from the window's load event. Please make sure it has an appropriate `as` value and it is preloaded intentionally. @ http://localhost:3000/zh:0
[  423784ms] [WARNING] The resource http://localhost:3000/_next/static/css/app/%5Blocale%5D/layout.css?v=1773598380181 was preloaded using link preload but not used within a few seconds from the window's load event. Please make sure it has an appropriate `as` value and it is preloaded intentionally. @ http://localhost:3000/zh:0
[  423784ms] [WARNING] The resource http://localhost:3000/_next/static/css/app/%5Blocale%5D/layout.css?v=1773598387410 was preloaded using link preload but not used within a few seconds from the window's load event. Please make sure it has an appropriate `as` value and it is preloaded intentionally. @ http://localhost:3000/zh:0
[  426923ms] [WARNING] The resource http://localhost:3000/_next/static/css/app/%5Blocale%5D/layout.css?v=1773598386655 was preloaded using link preload but not used within a few seconds from the window's load event. Please make sure it has an appropriate `as` value and it is preloaded intentionally. @ http://localhost:3000/zh:0
[  426923ms] [WARNING] The resource http://localhost:3000/_next/static/css/app/%5Blocale%5D/layout.css?v=1773598385674 was preloaded using link preload but not used within a few seconds from the window's load event. Please make sure it has an appropriate `as` value and it is preloaded intentionally. @ http://localhost:3000/zh:0
[  426923ms] [WARNING] The resource http://localhost:3000/_next/static/css/app/%5Blocale%5D/layout.css?v=1773598380181 was preloaded using link preload but not used within a few seconds from the window's load event. Please make sure it has an appropriate `as` value and it is preloaded intentionally. @ http://localhost:3000/zh:0
[  426923ms] [WARNING] The resource http://localhost:3000/_next/static/css/app/%5Blocale%5D/layout.css?v=1773598387410 was preloaded using link preload but not used within a few seconds from the window's load event. Please make sure it has an appropriate `as` value and it is preloaded intentionally. @ http://localhost:3000/zh:0
[  430081ms] [WARNING] The resource http://localhost:3000/_next/static/css/app/%5Blocale%5D/layout.css?v=1773598386655 was preloaded using link preload but not used within a few seconds from the window's load event. Please make sure it has an appropriate `as` value and it is preloaded intentionally. @ http://localhost:3000/zh:0
[  430081ms] [WARNING] The resource http://localhost:3000/_next/static/css/app/%5Blocale%5D/layout.css?v=1773598385674 was preloaded using link preload but not used within a few seconds from the window's load event. Please make sure it has an appropriate `as` value and it is preloaded intentionally. @ http://localhost:3000/zh:0
[  430081ms] [WARNING] The resource http://localhost:3000/_next/static/css/app/%5Blocale%5D/layout.css?v=1773598380181 was preloaded using link preload but not used within a few seconds from the window's load event. Please make sure it has an appropriate `as` value and it is preloaded intentionally. @ http://localhost:3000/zh:0
[  430081ms] [WARNING] The resource http://localhost:3000/_next/static/css/app/%5Blocale%5D/layout.css?v=1773598387410 was preloaded using link preload but not used within a few seconds from the window's load event. Please make sure it has an appropriate `as` value and it is preloaded intentionally. @ http://localhost:3000/zh:0
[  433174ms] [WARNING] The resource http://localhost:3000/_next/static/css/app/%5Blocale%5D/layout.css?v=1773598386655 was preloaded using link preload but not used within a few seconds from the window's load event. Please make sure it has an appropriate `as` value and it is preloaded intentionally. @ http://localhost:3000/zh:0
[  433174ms] [WARNING] The resource http://localhost:3000/_next/static/css/app/%5Blocale%5D/layout.css?v=1773598385674 was preloaded using link preload but not used within a few seconds from the window's load event. Please make sure it has an appropriate `as` value and it is preloaded intentionally. @ http://localhost:3000/zh:0
[  433174ms] [WARNING] The resource http://localhost:3000/_next/static/css/app/%5Blocale%5D/layout.css?v=1773598380181 was preloaded using link preload but not used within a few seconds from the window's load event. Please make sure it has an appropriate `as` value and it is preloaded intentionally. @ http://localhost:3000/zh:0
[  433174ms] [WARNING] The resource http://localhost:3000/_next/static/css/app/%5Blocale%5D/layout.css?v=1773598387410 was preloaded using link preload but not used within a few seconds from the window's load event. Please make sure it has an appropriate `as` value and it is preloaded intentionally. @ http://localhost:3000/zh:0
[  436387ms] [WARNING] The resource http://localhost:3000/_next/static/css/app/%5Blocale%5D/layout.css?v=1773598386655 was preloaded using link preload but not used within a few seconds from the window's load event. Please make sure it has an appropriate `as` value and it is preloaded intentionally. @ http://localhost:3000/zh:0
[  436387ms] [WARNING] The resource http://localhost:3000/_next/static/css/app/%5Blocale%5D/layout.css?v=1773598385674 was preloaded using link preload but not used within a few seconds from the window's load event. Please make sure it has an appropriate `as` value and it is preloaded intentionally. @ http://localhost:3000/zh:0
[  436387ms] [WARNING] The resource http://localhost:3000/_next/static/css/app/%5Blocale%5D/layout.css?v=1773598380181 was preloaded using link preload but not used within a few seconds from the window's load event. Please make sure it has an appropriate `as` value and it is preloaded intentionally. @ http://localhost:3000/zh:0
[  436387ms] [WARNING] The resource http://localhost:3000/_next/static/css/app/%5Blocale%5D/layout.css?v=1773598387410 was preloaded using link preload but not used within a few seconds from the window's load event. Please make sure it has an appropriate `as` value and it is preloaded intentionally. @ http://localhost:3000/zh:0
[  439503ms] [WARNING] The resource http://localhost:3000/_next/static/css/app/%5Blocale%5D/layout.css?v=1773598386655 was preloaded using link preload but not used within a few seconds from the window's load event. Please make sure it has an appropriate `as` value and it is preloaded intentionally. @ http://localhost:3000/zh:0
[  439503ms] [WARNING] The resource http://localhost:3000/_next/static/css/app/%5Blocale%5D/layout.css?v=1773598385674 was preloaded using link preload but not used within a few seconds from the window's load event. Please make sure it has an appropriate `as` value and it is preloaded intentionally. @ http://localhost:3000/zh:0
[  439503ms] [WARNING] The resource http://localhost:3000/_next/static/css/app/%5Blocale%5D/layout.css?v=1773598380181 was preloaded using link preload but not used within a few seconds from the window's load event. Please make sure it has an appropriate `as` value and it is preloaded intentionally. @ http://localhost:3000/zh:0
[  439503ms] [WARNING] The resource http://localhost:3000/_next/static/css/app/%5Blocale%5D/layout.css?v=1773598387410 was preloaded using link preload but not used within a few seconds from the window's load event. Please make sure it has an appropriate `as` value and it is preloaded intentionally. @ http://localhost:3000/zh:0
